date,value
2020-11-19 12:38:18,270.73
2020-11-19 12:38:19,2558.0
2020-11-19 12:38:20,3314.0
2020-11-19 12:38:21,1656.0
2020-11-19 12:38:22,2346.0
2020-11-19 12:38:23,2105.0
2020-11-19 12:38:24,1933.0
2020-11-19 12:38:25,2150.0
2020-11-19 12:38:26,2089.0
2020-11-19 12:38:27,2019.0
2020-11-19 12:38:28,2067.0
2020-11-19 12:38:29,2031.0
2020-11-19 12:38:30,2055.0
2020-11-19 12:38:31,2067.0
2020-11-19 12:38:32,2033.0
2020-11-19 12:38:33,2047.0
2020-11-19 12:38:34,2059.0
2020-11-19 12:38:35,2046.0
2020-11-19 12:38:36,2084.0
2020-11-19 12:38:37,2059.0
2020-11-19 12:38:38,2002.0
2020-11-19 12:38:39,2051.0
2020-11-19 12:38:40,1917.0
2020-11-19 12:38:41,2052.0
2020-11-19 12:38:42,2067.0
2020-11-19 12:38:43,2184.0
2020-11-19 12:38:44,2069.0
2020-11-19 12:38:45,2086.0
2020-11-19 12:38:46,2079.0
2020-11-19 12:38:47,1999.0
2020-11-19 12:38:48,2084.0
2020-11-19 12:38:49,2072.0
2020-11-19 12:38:50,2004.0
2020-11-19 12:38:51,2033.0
2020-11-19 12:38:52,2054.0
2020-11-19 12:38:53,2029.0
2020-11-19 12:38:54,2044.0
2020-11-19 12:38:55,2124.0
2020-11-19 12:38:56,2032.0
2020-11-19 12:38:57,2040.0
2020-11-19 12:38:58,2019.0
2020-11-19 12:38:59,1824.0
2020-11-19 12:39:00,3836.0
2020-11-19 12:39:01,2486.0
2020-11-19 12:39:02,2025.0
2020-11-19 12:39:03,1824.0
2020-11-19 12:39:04,2272.0
2020-11-19 12:39:05,2032.0
2020-11-19 12:39:06,2042.0
2020-11-19 12:39:07,2052.0
2020-11-19 12:39:08,2048.0
2020-11-19 12:39:09,2058.0
2020-11-19 12:39:10,2056.0
2020-11-19 12:39:11,2041.0
2020-11-19 12:39:12,1778.0
2020-11-19 12:39:13,2033.0
2020-11-19 12:39:14,2065.0
2020-11-19 12:39:15,2102.0
2020-11-19 12:39:16,2103.0
2020-11-19 12:39:17,2049.0
2020-11-19 12:39:18,2076.0
2020-11-19 12:39:19,2073.0
2020-11-19 12:39:20,2071.0
2020-11-19 12:39:21,2077.0
2020-11-19 12:39:22,2055.0
2020-11-19 12:39:23,2028.0
2020-11-19 12:39:24,2051.0
2020-11-19 12:39:25,2059.0
2020-11-19 12:39:26,2034.0
2020-11-19 12:39:27,2024.0
2020-11-19 12:39:28,2081.0
2020-11-19 12:39:29,2055.0
2020-11-19 12:39:30,2031.0
2020-11-19 12:39:31,2029.0
2020-11-19 12:39:32,2009.0
2020-11-19 12:39:33,1945.0
2020-11-19 12:39:34,2022.0
2020-11-19 12:39:35,2062.0
2020-11-19 12:39:36,2001.0
2020-11-19 12:39:37,2039.0
2020-11-19 12:39:38,2054.0
2020-11-19 12:39:39,2091.0
2020-11-19 12:39:40,2083.0
2020-11-19 12:39:41,2014.0
2020-11-19 12:39:42,2072.0
2020-11-19 12:39:43,2041.0
2020-11-19 12:39:44,2025.0
2020-11-19 12:39:45,2055.0
2020-11-19 12:39:46,2021.0
2020-11-19 12:39:47,2087.0
2020-11-19 12:39:48,2050.0
2020-11-19 12:39:49,2020.0
2020-11-19 12:39:50,2092.0
2020-11-19 12:39:51,2012.0
2020-11-19 12:39:52,2003.0
2020-11-19 12:39:53,2018.0
2020-11-19 12:39:54,1733.0
2020-11-19 12:39:55,2143.0
2020-11-19 12:39:56,2048.0
2020-11-19 12:39:57,2047.0
2020-11-19 12:39:58,2033.0
2020-11-19 12:39:59,2057.0
2020-11-19 12:40:00,2058.0
2020-11-19 12:40:01,2006.0
2020-11-19 12:40:02,2067.0
2020-11-19 12:40:03,2058.0
2020-11-19 12:40:04,2056.0
2020-11-19 12:40:05,2051.0
2020-11-19 12:40:06,2072.0
2020-11-19 12:40:07,2022.0
2020-11-19 12:40:08,2043.0
2020-11-19 12:40:09,2028.0
2020-11-19 12:40:10,2047.0
2020-11-19 12:40:11,1989.0
2020-11-19 12:40:12,2030.0
2020-11-19 12:40:13,1743.0
2020-11-19 12:40:14,2055.0
2020-11-19 12:40:15,1951.0
2020-11-19 12:40:16,2065.0
2020-11-19 12:40:17,2095.0
2020-11-19 12:40:18,2056.0
2020-11-19 12:40:19,2041.0
2020-11-19 12:40:20,2095.0
2020-11-19 12:40:21,2062.0
2020-11-19 12:40:22,2054.0
2020-11-19 12:40:23,1983.0
2020-11-19 12:40:24,2046.0
2020-11-19 12:40:25,2100.0
2020-11-19 12:40:26,2104.0
2020-11-19 12:40:27,2129.0
2020-11-19 12:40:28,2068.0
2020-11-19 12:40:29,2093.0
2020-11-19 12:40:30,1984.0
2020-11-19 12:40:31,2030.0
2020-11-19 12:40:32,2036.0
2020-11-19 12:40:33,2021.0
2020-11-19 12:40:34,2042.0
2020-11-19 12:40:35,1917.0
2020-11-19 12:40:36,2040.0
2020-11-19 12:40:37,2109.0
2020-11-19 12:40:38,2000.0
2020-11-19 12:40:39,2037.0
2020-11-19 12:40:40,2062.0
2020-11-19 12:40:41,2049.0
2020-11-19 12:40:42,2044.0
2020-11-19 12:40:43,2096.0
2020-11-19 12:40:44,2056.0
2020-11-19 12:40:45,2072.0
2020-11-19 12:40:46,2045.0
2020-11-19 12:40:47,1985.0
2020-11-19 12:40:48,2034.0
2020-11-19 12:40:49,2031.0
2020-11-19 12:40:50,1995.0
2020-11-19 12:40:51,1806.0
2020-11-19 12:40:52,1998.0
2020-11-19 12:40:53,2056.0
2020-11-19 12:40:54,2074.0
2020-11-19 12:40:55,2070.0
2020-11-19 12:40:56,2013.0
2020-11-19 12:40:57,2078.0
2020-11-19 12:40:58,2033.0
2020-11-19 12:40:59,2036.0
2020-11-19 12:41:00,2029.0
2020-11-19 12:41:01,2055.0
2020-11-19 12:41:02,2034.0
2020-11-19 12:41:03,2027.0
2020-11-19 12:41:04,2048.0
2020-11-19 12:41:05,2037.0
2020-11-19 12:41:06,2057.0
2020-11-19 12:41:07,2018.0
2020-11-19 12:41:08,2063.0
2020-11-19 12:41:09,2011.0
2020-11-19 12:41:10,1973.0
2020-11-19 12:41:11,2033.0
2020-11-19 12:41:12,2015.0
2020-11-19 12:41:13,2078.0
2020-11-19 12:41:14,1939.0
2020-11-19 12:41:15,2064.0
2020-11-19 12:41:16,2025.0
2020-11-19 12:41:17,2060.0
2020-11-19 12:41:18,2060.0
2020-11-19 12:41:19,2013.0
2020-11-19 12:41:20,2060.0
2020-11-19 12:41:21,2009.0
2020-11-19 12:41:22,2048.0
2020-11-19 12:41:23,2048.0
2020-11-19 12:41:24,2058.0
2020-11-19 12:41:25,2050.0
2020-11-19 12:41:26,1996.0
2020-11-19 12:41:27,2004.0
2020-11-19 12:41:28,2009.0
2020-11-19 12:41:29,2019.0
2020-11-19 12:41:30,1973.0
2020-11-19 12:41:31,2014.0
2020-11-19 12:41:32,1918.0
2020-11-19 12:41:33,120.0
2020-11-19 12:41:34,549.0
2020-11-19 12:41:35,710.0
2020-11-19 12:41:36,1055.0
2020-11-19 12:41:37,1227.0
2020-11-19 12:41:38,1287.0
2020-11-19 12:41:39,1370.0
2020-11-19 12:41:40,924.0
2020-11-19 12:41:41,1383.0
2020-11-19 12:41:42,1417.0
2020-11-19 12:41:43,1438.0
2020-11-19 12:41:44,1574.0
2020-11-19 12:41:45,1406.0
2020-11-19 12:41:46,2484.0
2020-11-19 12:41:47,1550.0
2020-11-19 12:41:48,2303.0
2020-11-19 12:41:49,1674.0
2020-11-19 12:41:50,1688.0
2020-11-19 12:41:51,1735.0
2020-11-19 12:41:52,1682.0
2020-11-19 12:41:53,1627.0
2020-11-19 12:41:54,1727.0
2020-11-19 12:41:55,1621.0
2020-11-19 12:41:56,1543.0
2020-11-19 12:41:57,1648.0
2020-11-19 12:41:58,1470.0
2020-11-19 12:41:59,1634.0
2020-11-19 12:42:00,1738.0
2020-11-19 12:42:01,1725.0
2020-11-19 12:42:02,1709.0
2020-11-19 12:42:03,1595.0
2020-11-19 12:42:04,1530.0
2020-11-19 12:42:05,1598.0
2020-11-19 12:42:06,1530.0
2020-11-19 12:42:07,1642.0
2020-11-19 12:42:08,1609.0
2020-11-19 12:42:09,1561.0
2020-11-19 12:42:10,1684.0
2020-11-19 12:42:11,1619.0
2020-11-19 12:42:12,1664.0
2020-11-19 12:42:13,1750.0
2020-11-19 12:42:14,2851.0
2020-11-19 12:42:15,1721.0
2020-11-19 12:42:16,1683.0
2020-11-19 12:42:17,1673.0
2020-11-19 12:42:18,1700.0
2020-11-19 12:42:19,1781.0
2020-11-19 12:42:20,1615.0
2020-11-19 12:42:21,1704.0
2020-11-19 12:42:22,1610.0
2020-11-19 12:42:23,1651.0
2020-11-19 12:42:24,1638.0
2020-11-19 12:42:25,1643.0
2020-11-19 12:42:26,1664.0
2020-11-19 12:42:27,1730.0
2020-11-19 12:42:28,1700.0
2020-11-19 12:42:29,1706.0
2020-11-19 12:42:30,1650.0
2020-11-19 12:42:31,1606.0
2020-11-19 12:42:32,1601.0
2020-11-19 12:42:33,1537.0
2020-11-19 12:42:34,1694.0
2020-11-19 12:42:35,1551.0
2020-11-19 12:42:36,1659.0
2020-11-19 12:42:37,1665.0
2020-11-19 12:42:38,1699.0
2020-11-19 12:42:39,1729.0
2020-11-19 12:42:40,1770.0
2020-11-19 12:42:41,1570.0
2020-11-19 12:42:42,1683.0
2020-11-19 12:42:43,1612.0
2020-11-19 12:42:44,1648.0
2020-11-19 12:42:45,1687.0
2020-11-19 12:42:46,1716.0
2020-11-19 12:42:47,1632.0
2020-11-19 12:42:48,1621.0
2020-11-19 12:42:49,1652.0
2020-11-19 12:42:50,1665.0
2020-11-19 12:42:51,1730.0
2020-11-19 12:42:52,1688.0
2020-11-19 12:42:53,1705.0
2020-11-19 12:42:54,1625.0
2020-11-19 12:42:55,1658.0
2020-11-19 12:42:56,1602.0
2020-11-19 12:42:57,1546.0
2020-11-19 12:42:58,1577.0
2020-11-19 12:42:59,1708.0
2020-11-19 12:43:00,1587.0
2020-11-19 12:43:01,1731.0
2020-11-19 12:43:02,1729.0
2020-11-19 12:43:03,1721.0
2020-11-19 12:43:04,1661.0
2020-11-19 12:43:05,1710.0
2020-11-19 12:43:06,1716.0
2020-11-19 12:43:07,1700.0
2020-11-19 12:43:08,1592.0
2020-11-19 12:43:09,1573.0
2020-11-19 12:43:10,1539.0
2020-11-19 12:43:11,1566.0
2020-11-19 12:43:12,1573.0
2020-11-19 12:43:13,1698.0
2020-11-19 12:43:14,1802.0
2020-11-19 12:43:15,1806.0
2020-11-19 12:43:16,1730.0
2020-11-19 12:43:17,1768.0
2020-11-19 12:43:18,1721.0
2020-11-19 12:43:19,1741.0
2020-11-19 12:43:20,1684.0
2020-11-19 12:43:21,1778.0
2020-11-19 12:43:22,1814.0
2020-11-19 12:43:23,1766.0
2020-11-19 12:43:24,1783.0
2020-11-19 12:43:25,1740.0
2020-11-19 12:43:26,1789.0
2020-11-19 12:43:27,1768.0
2020-11-19 12:43:28,1648.0
2020-11-19 12:43:29,1730.0
2020-11-19 12:43:30,1701.0
2020-11-19 12:43:31,1751.0
2020-11-19 12:43:32,1770.0
2020-11-19 12:43:33,1749.25
2020-11-19 12:43:34,1710.71
2020-11-19 12:43:35,1615.0
2020-11-19 12:43:36,1629.0
2020-11-19 12:43:37,1643.0
2020-11-19 12:43:38,1662.0
2020-11-19 12:43:39,1765.0
2020-11-19 12:43:40,1730.0
2020-11-19 12:43:41,1621.0
2020-11-19 12:43:42,1699.0
2020-11-19 12:43:43,1748.0
2020-11-19 12:43:44,1582.0
2020-11-19 12:43:45,1566.0
2020-11-19 12:43:46,1529.0
2020-11-19 12:43:47,1626.0
2020-11-19 12:43:48,1722.0
2020-11-19 12:43:49,1645.0
2020-11-19 12:43:50,1685.0
2020-11-19 12:43:51,1718.0
2020-11-19 12:43:52,1719.0
2020-11-19 12:43:53,1846.0
2020-11-19 12:43:54,1602.0
2020-11-19 12:43:55,1664.0
2020-11-19 12:43:56,1730.0
2020-11-19 12:43:57,1735.0
2020-11-19 12:43:58,1787.0
2020-11-19 12:43:59,1742.0
2020-11-19 12:44:00,1707.0
2020-11-19 12:44:01,1727.0
2020-11-19 12:44:02,1738.0
2020-11-19 12:44:03,1698.0
2020-11-19 12:44:04,1752.0
2020-11-19 12:44:05,1688.0
2020-11-19 12:44:06,1743.0
2020-11-19 12:44:07,1797.0
2020-11-19 12:44:08,1608.0
2020-11-19 12:44:09,1657.0
2020-11-19 12:44:10,1680.0
2020-11-19 12:44:11,1670.0
2020-11-19 12:44:12,1762.0
2020-11-19 12:44:13,1678.0
2020-11-19 12:44:14,1878.0
2020-11-19 12:44:15,2595.0
2020-11-19 12:44:16,1731.0
2020-11-19 12:44:17,1589.0
2020-11-19 12:44:18,1752.0
2020-11-19 12:44:19,1597.0
2020-11-19 12:44:20,1636.0
2020-11-19 12:44:21,1638.0
2020-11-19 12:44:22,1557.0
2020-11-19 12:44:23,1610.0
2020-11-19 12:44:24,1633.0
2020-11-19 12:44:25,1756.0
2020-11-19 12:44:26,1656.0
2020-11-19 12:44:27,1664.0
2020-11-19 12:44:28,1680.0
2020-11-19 12:44:29,1641.0
2020-11-19 12:44:30,1581.0
2020-11-19 12:44:31,1613.0
2020-11-19 12:44:32,1649.0
2020-11-19 12:44:33,1641.0
2020-11-19 12:44:34,1629.0
2020-11-19 12:44:35,1587.0
2020-11-19 12:44:36,1660.0
2020-11-19 12:44:37,1693.0
2020-11-19 12:44:38,1821.0
2020-11-19 12:44:39,1720.0
2020-11-19 12:44:40,1724.0
2020-11-19 12:44:41,1620.0
2020-11-19 12:44:42,1677.0
2020-11-19 12:44:43,1643.0
2020-11-19 12:44:44,1682.0
2020-11-19 12:44:45,1878.0
2020-11-19 12:44:46,1782.0
2020-11-19 12:44:47,1712.0
2020-11-19 12:44:48,1646.0
2020-11-19 12:44:49,1714.0
2020-11-19 12:44:50,1743.0
2020-11-19 12:44:51,1774.0
2020-11-19 12:44:52,1697.0
2020-11-19 12:44:53,1723.0
2020-11-19 12:44:54,1514.0
2020-11-19 12:44:55,1622.0
2020-11-19 12:44:56,1658.0
2020-11-19 12:44:57,1728.0
2020-11-19 12:44:58,1693.0
2020-11-19 12:44:59,1687.0
2020-11-19 12:45:00,1591.0
2020-11-19 12:45:01,1754.0
2020-11-19 12:45:02,1741.0
2020-11-19 12:45:03,1643.0
2020-11-19 12:45:04,1751.25
2020-11-19 12:45:05,1752.75
2020-11-19 12:45:06,1672.0
2020-11-19 12:45:07,1709.0
2020-11-19 12:45:08,1667.0
2020-11-19 12:45:09,1699.0
2020-11-19 12:45:10,1650.0
2020-11-19 12:45:11,1593.0
2020-11-19 12:45:12,1678.0
2020-11-19 12:45:13,1753.0
2020-11-19 12:45:14,1655.0
2020-11-19 12:45:15,1659.0
2020-11-19 12:45:16,1710.0
2020-11-19 12:45:17,1684.0
2020-11-19 12:45:18,1592.0
2020-11-19 12:45:19,1568.0
2020-11-19 12:45:20,1681.0
2020-11-19 12:45:21,1597.0
2020-11-19 12:45:22,1663.0
2020-11-19 12:45:23,1671.0
2020-11-19 12:45:24,1653.0
2020-11-19 12:45:25,1687.0
2020-11-19 12:45:26,1675.0
2020-11-19 12:45:27,1633.0
2020-11-19 12:45:28,1660.0
2020-11-19 12:45:29,1766.0
2020-11-19 12:45:30,1693.0
2020-11-19 12:45:31,1696.0
2020-11-19 12:45:32,1751.0
2020-11-19 12:45:33,647.35
2020-11-19 12:45:34,2994.0
2020-11-19 12:45:35,2389.0
2020-11-19 12:45:36,1606.0
2020-11-19 12:45:37,2028.0
2020-11-19 12:45:38,2808.0
2020-11-19 12:45:39,1816.0
2020-11-19 12:45:40,2002.0
2020-11-19 12:45:41,1955.0
2020-11-19 12:45:42,1926.0
2020-11-19 12:45:43,1896.0
2020-11-19 12:45:44,2033.0
2020-11-19 12:45:45,2035.82
2020-11-19 12:45:46,1693.47
2020-11-19 12:45:47,2096.0
2020-11-19 12:45:48,2126.0
2020-11-19 12:45:49,2066.0
2020-11-19 12:45:50,2070.0
2020-11-19 12:45:51,2092.0
2020-11-19 12:45:52,2029.0
2020-11-19 12:45:53,2046.0
2020-11-19 12:45:54,2081.0
2020-11-19 12:45:55,1959.0
2020-11-19 12:45:56,2077.0
2020-11-19 12:45:57,2010.0
2020-11-19 12:45:58,1998.0
2020-11-19 12:45:59,2022.0
2020-11-19 12:46:00,2104.0
2020-11-19 12:46:01,2036.0
2020-11-19 12:46:02,2073.0
2020-11-19 12:46:03,2042.0
2020-11-19 12:46:04,2079.0
2020-11-19 12:46:05,2130.0
2020-11-19 12:46:06,2055.0
2020-11-19 12:46:07,2103.0
2020-11-19 12:46:08,3587.0
2020-11-19 12:46:09,2045.0
2020-11-19 12:46:10,2035.0
2020-11-19 12:46:11,2062.0
2020-11-19 12:46:12,2109.0
2020-11-19 12:46:13,2063.0
2020-11-19 12:46:14,2129.0
2020-11-19 12:46:15,2125.0
2020-11-19 12:46:16,2078.0
2020-11-19 12:46:17,2041.0
2020-11-19 12:46:18,2055.0
2020-11-19 12:46:19,2109.0
2020-11-19 12:46:20,2071.0
2020-11-19 12:46:21,2061.0
2020-11-19 12:46:22,2055.0
2020-11-19 12:46:23,2072.0
2020-11-19 12:46:24,2097.0
2020-11-19 12:46:25,2046.0
2020-11-19 12:46:26,2036.0
2020-11-19 12:46:27,1991.0
2020-11-19 12:46:28,2056.0
2020-11-19 12:46:29,2061.0
2020-11-19 12:46:30,2030.0
2020-11-19 12:46:31,1828.0
2020-11-19 12:46:32,2063.0
2020-11-19 12:46:33,2049.0
2020-11-19 12:46:34,2066.0
2020-11-19 12:46:35,2042.0
2020-11-19 12:46:36,2073.0
2020-11-19 12:46:37,2048.0
2020-11-19 12:46:38,2051.0
2020-11-19 12:46:39,1993.0
2020-11-19 12:46:40,2022.0
2020-11-19 12:46:41,2053.0
2020-11-19 12:46:42,2130.0
2020-11-19 12:46:43,2127.0
2020-11-19 12:46:44,2119.0
2020-11-19 12:46:45,2016.0
2020-11-19 12:46:46,2108.0
2020-11-19 12:46:47,1900.0
2020-11-19 12:46:48,2081.0
2020-11-19 12:46:49,2066.0
2020-11-19 12:46:50,2042.0
2020-11-19 12:46:51,2080.0
2020-11-19 12:46:52,2089.0
2020-11-19 12:46:53,2057.0
2020-11-19 12:46:54,2104.0
2020-11-19 12:46:55,2070.0
2020-11-19 12:46:56,2091.0
2020-11-19 12:46:57,2045.0
2020-11-19 12:46:58,2122.0
2020-11-19 12:46:59,2024.0
2020-11-19 12:47:00,2099.0
2020-11-19 12:47:01,2046.0
2020-11-19 12:47:02,2074.0
2020-11-19 12:47:03,2039.0
2020-11-19 12:47:04,2001.0
2020-11-19 12:47:05,1986.0
2020-11-19 12:47:06,1922.0
2020-11-19 12:47:07,1981.0
2020-11-19 12:47:08,1918.0
2020-11-19 12:47:09,1595.0
2020-11-19 12:47:10,2061.0
2020-11-19 12:47:11,2097.0
2020-11-19 12:47:12,2051.0
2020-11-19 12:47:13,2049.0
2020-11-19 12:47:14,2077.0
2020-11-19 12:47:15,2048.0
2020-11-19 12:47:16,2009.0
2020-11-19 12:47:17,2075.0
2020-11-19 12:47:18,2005.0
2020-11-19 12:47:19,2034.0
2020-11-19 12:47:20,2124.0
2020-11-19 12:47:21,2016.0
2020-11-19 12:47:22,1991.0
2020-11-19 12:47:23,2080.0
2020-11-19 12:47:24,2088.0
2020-11-19 12:47:25,2015.0
2020-11-19 12:47:26,2075.0
2020-11-19 12:47:27,2042.0
2020-11-19 12:47:28,1957.0
2020-11-19 12:47:29,2004.0
2020-11-19 12:47:30,2068.0
2020-11-19 12:47:31,2048.0
2020-11-19 12:47:32,2031.0
2020-11-19 12:47:33,2069.0
2020-11-19 12:47:34,2073.0
2020-11-19 12:47:35,2043.0
2020-11-19 12:47:36,2017.0
2020-11-19 12:47:37,2081.0
2020-11-19 12:47:38,2067.0
2020-11-19 12:47:39,2076.0
2020-11-19 12:47:40,2051.0
2020-11-19 12:47:41,1972.0
2020-11-19 12:47:42,2053.0
2020-11-19 12:47:43,2014.0
2020-11-19 12:47:44,1964.0
2020-11-19 12:47:45,2028.0
2020-11-19 12:47:46,2016.0
2020-11-19 12:47:47,2125.0
2020-11-19 12:47:48,1916.0
2020-11-19 12:47:49,2046.0
2020-11-19 12:47:50,1989.0
2020-11-19 12:47:51,2036.0
2020-11-19 12:47:52,2068.0
2020-11-19 12:47:53,1970.0
2020-11-19 12:47:54,2059.0
2020-11-19 12:47:55,2009.0
2020-11-19 12:47:56,2031.0
2020-11-19 12:47:57,2063.0
2020-11-19 12:47:58,2070.0
2020-11-19 12:47:59,2107.0
2020-11-19 12:48:00,2016.0
2020-11-19 12:48:01,2022.0
2020-11-19 12:48:02,2017.0
2020-11-19 12:48:03,1874.0
2020-11-19 12:48:04,2037.0
2020-11-19 12:48:05,2047.0
2020-11-19 12:48:06,2066.0
2020-11-19 12:48:07,2108.0
2020-11-19 12:48:08,2040.0
2020-11-19 12:48:09,2046.0
2020-11-19 12:48:10,2016.0
2020-11-19 12:48:11,2010.0
2020-11-19 12:48:12,2072.0
2020-11-19 12:48:13,2040.0
2020-11-19 12:48:14,2040.0
2020-11-19 12:48:15,2041.0
2020-11-19 12:48:16,2033.0
2020-11-19 12:48:17,1983.0
2020-11-19 12:48:18,2017.0
2020-11-19 12:48:19,2092.0
2020-11-19 12:48:20,1970.0
2020-11-19 12:48:21,2040.0
2020-11-19 12:48:22,1788.0
2020-11-19 12:48:23,2007.0
2020-11-19 12:48:24,2004.0
2020-11-19 12:48:25,2043.0
2020-11-19 12:48:26,1988.0
2020-11-19 12:48:27,2098.0
2020-11-19 12:48:28,2099.0
2020-11-19 12:48:29,2006.0
2020-11-19 12:48:30,2011.0
2020-11-19 12:48:31,2063.0
2020-11-19 12:48:32,2022.0
2020-11-19 12:48:33,2032.0
2020-11-19 12:48:34,2030.0
2020-11-19 12:48:35,2008.0
2020-11-19 12:48:36,1915.0
2020-11-19 12:48:37,1970.0
2020-11-19 12:48:38,1805.0
2020-11-19 12:48:39,1787.0
2020-11-19 12:48:40,1912.0
2020-11-19 12:48:41,2051.0
2020-11-19 12:48:42,2013.0
2020-11-19 12:48:43,2118.0
2020-11-19 12:48:44,1986.0
2020-11-19 12:48:45,2019.0
2020-11-19 12:48:46,2107.0
2020-11-19 12:48:47,2042.0
2020-11-19 12:48:48,107.0
2020-11-19 12:48:49,374.0
2020-11-19 12:48:50,1499.0
2020-11-19 12:48:51,2175.0
2020-11-19 12:48:52,1435.0
2020-11-19 12:48:53,1525.0
2020-11-19 12:48:54,1183.0
2020-11-19 12:48:55,1432.0
2020-11-19 12:48:56,1503.0
2020-11-19 12:48:57,1508.0
2020-11-19 12:48:58,1932.0
2020-11-19 12:48:59,3757.0
2020-11-19 12:49:00,1677.0
2020-11-19 12:49:01,1741.0
2020-11-19 12:49:02,1685.0
2020-11-19 12:49:03,1750.0
2020-11-19 12:49:04,1762.0
2020-11-19 12:49:05,1734.0
2020-11-19 12:49:06,1771.0
2020-11-19 12:49:07,1696.0
2020-11-19 12:49:08,1570.0
2020-11-19 12:49:09,1685.0
2020-11-19 12:49:10,1690.0
2020-11-19 12:49:11,1580.0
2020-11-19 12:49:12,1537.0
2020-11-19 12:49:13,1559.0
2020-11-19 12:49:14,1525.0
2020-11-19 12:49:15,1567.0
2020-11-19 12:49:16,1675.0
2020-11-19 12:49:17,1793.0
2020-11-19 12:49:18,1759.0
2020-11-19 12:49:19,1699.0
2020-11-19 12:49:20,1687.0
2020-11-19 12:49:21,1671.0
2020-11-19 12:49:22,1670.0
2020-11-19 12:49:23,1682.0
2020-11-19 12:49:24,1713.0
2020-11-19 12:49:25,1670.0
2020-11-19 12:49:26,1620.0
2020-11-19 12:49:27,1785.0
2020-11-19 12:49:28,1809.0
2020-11-19 12:49:29,1826.0
2020-11-19 12:49:30,1572.0
2020-11-19 12:49:31,1596.0
2020-11-19 12:49:32,1623.0
2020-11-19 12:49:33,1578.0
2020-11-19 12:49:34,1532.0
2020-11-19 12:49:35,1627.0
2020-11-19 12:49:36,1780.0
2020-11-19 12:49:37,1766.0
2020-11-19 12:49:38,1730.0
2020-11-19 12:49:39,1716.0
2020-11-19 12:49:40,1653.0
2020-11-19 12:49:41,1698.0
2020-11-19 12:49:42,1560.0
2020-11-19 12:49:43,1617.0
2020-11-19 12:49:44,1732.0
2020-11-19 12:49:45,1655.0
2020-11-19 12:49:46,1651.0
2020-11-19 12:49:47,1620.0
2020-11-19 12:49:48,1611.0
2020-11-19 12:49:49,1452.0
2020-11-19 12:49:50,1716.0
2020-11-19 12:49:51,1700.0
2020-11-19 12:49:52,1742.0
2020-11-19 12:49:53,1788.0
2020-11-19 12:49:54,1649.0
2020-11-19 12:49:55,1709.0
2020-11-19 12:49:56,1727.0
2020-11-19 12:49:57,1710.0
2020-11-19 12:49:58,1720.0
2020-11-19 12:49:59,1770.0
2020-11-19 12:50:00,1718.0
2020-11-19 12:50:01,1702.0
2020-11-19 12:50:02,1702.0
2020-11-19 12:50:03,1718.0
2020-11-19 12:50:04,1738.0
2020-11-19 12:50:05,1667.0
2020-11-19 12:50:06,1694.0
2020-11-19 12:50:07,1642.0
2020-11-19 12:50:08,1654.0
2020-11-19 12:50:09,1711.0
2020-11-19 12:50:10,1652.0
2020-11-19 12:50:11,1643.0
2020-11-19 12:50:12,1694.0
2020-11-19 12:50:13,1553.0
2020-11-19 12:50:14,1617.15
2020-11-19 12:50:15,1720.16
2020-11-19 12:50:16,1672.0
2020-11-19 12:50:17,1727.0
2020-11-19 12:50:18,1688.0
2020-11-19 12:50:19,1552.0
2020-11-19 12:50:20,1723.0
2020-11-19 12:50:21,1693.0
2020-11-19 12:50:22,1667.0
2020-11-19 12:50:23,1690.0
2020-11-19 12:50:24,1685.0
2020-11-19 12:50:25,1705.0
2020-11-19 12:50:26,1773.0
2020-11-19 12:50:27,1849.0
2020-11-19 12:50:28,1727.0
2020-11-19 12:50:29,1844.0
2020-11-19 12:50:30,1649.0
2020-11-19 12:50:31,1717.0
2020-11-19 12:50:32,1777.0
2020-11-19 12:50:33,1724.0
2020-11-19 12:50:34,1645.0
2020-11-19 12:50:35,1710.0
2020-11-19 12:50:36,1603.0
2020-11-19 12:50:37,2025.0
2020-11-19 12:50:38,1847.0
2020-11-19 12:50:39,1758.0
2020-11-19 12:50:40,1723.0
2020-11-19 12:50:41,1752.0
2020-11-19 12:50:42,1642.0
2020-11-19 12:50:43,1803.0
2020-11-19 12:50:44,1747.0
2020-11-19 12:50:45,1678.0
2020-11-19 12:50:46,1813.0
2020-11-19 12:50:47,1863.0
2020-11-19 12:50:48,1810.0
2020-11-19 12:50:49,1805.0
2020-11-19 12:50:50,1727.0
2020-11-19 12:50:51,1776.0
2020-11-19 12:50:52,1693.0
2020-11-19 12:50:53,1741.0
2020-11-19 12:50:54,1616.0
2020-11-19 12:50:55,1635.0
2020-11-19 12:50:56,1597.0
2020-11-19 12:50:57,1565.0
2020-11-19 12:50:58,1558.0
2020-11-19 12:50:59,1499.0
2020-11-19 12:51:00,1710.0
2020-11-19 12:51:01,1757.0
2020-11-19 12:51:02,1653.0
2020-11-19 12:51:03,1707.0
2020-11-19 12:51:04,1689.0
2020-11-19 12:51:05,1678.0
2020-11-19 12:51:06,1679.0
2020-11-19 12:51:07,1677.0
2020-11-19 12:51:08,1661.0
2020-11-19 12:51:09,1746.0
2020-11-19 12:51:10,1764.0
2020-11-19 12:51:11,1637.0
2020-11-19 12:51:12,1775.0
2020-11-19 12:51:13,1619.0
2020-11-19 12:51:14,1731.0
2020-11-19 12:51:15,1663.0
2020-11-19 12:51:16,1547.0
2020-11-19 12:51:17,1703.0
2020-11-19 12:51:18,1581.0
2020-11-19 12:51:19,1686.0
2020-11-19 12:51:20,1690.0
2020-11-19 12:51:21,1703.0
2020-11-19 12:51:22,1749.0
2020-11-19 12:51:23,1839.0
2020-11-19 12:51:24,1731.0
2020-11-19 12:51:25,1731.0
2020-11-19 12:51:26,1640.0
2020-11-19 12:51:27,1649.0
2020-11-19 12:51:28,1605.0
2020-11-19 12:51:29,1571.0
2020-11-19 12:51:30,1645.0
2020-11-19 12:51:31,1696.0
2020-11-19 12:51:32,1692.0
2020-11-19 12:51:33,1632.0
2020-11-19 12:51:34,1613.0
2020-11-19 12:51:35,1680.0
2020-11-19 12:51:36,1710.0
2020-11-19 12:51:37,1683.0
2020-11-19 12:51:38,2578.0
2020-11-19 12:51:39,1818.0
2020-11-19 12:51:40,1733.0
2020-11-19 12:51:41,1735.0
2020-11-19 12:51:42,1578.0
2020-11-19 12:51:43,1536.0
2020-11-19 12:51:44,1621.0
2020-11-19 12:51:45,1714.0
2020-11-19 12:51:46,1658.0
2020-11-19 12:51:47,1690.0
2020-11-19 12:51:48,1642.0
2020-11-19 12:51:49,1714.0
2020-11-19 12:51:50,1677.0
2020-11-19 12:51:51,1751.0
2020-11-19 12:51:52,1654.0
2020-11-19 12:51:53,1685.0
2020-11-19 12:51:54,1741.0
2020-11-19 12:51:55,1677.0
2020-11-19 12:51:56,1705.0
2020-11-19 12:51:57,1762.0
2020-11-19 12:51:58,1706.0
2020-11-19 12:51:59,1620.0
2020-11-19 12:52:00,1790.0
2020-11-19 12:52:01,1690.0
2020-11-19 12:52:02,1645.0
2020-11-19 12:52:03,1729.0
2020-11-19 12:52:04,1611.0
2020-11-19 12:52:05,1574.0
2020-11-19 12:52:06,1595.0
2020-11-19 12:52:07,1648.0
2020-11-19 12:52:08,1752.0
2020-11-19 12:52:09,1684.0
2020-11-19 12:52:10,1617.0
2020-11-19 12:52:11,1606.0
2020-11-19 12:52:12,1730.0
2020-11-19 12:52:13,1759.0
2020-11-19 12:52:14,1708.0
2020-11-19 12:52:15,1697.0
2020-11-19 12:52:16,1639.0
2020-11-19 12:52:17,1659.0
2020-11-19 12:52:18,1703.0
2020-11-19 12:52:19,1767.0
2020-11-19 12:52:20,2007.0
2020-11-19 12:52:21,1680.0
2020-11-19 12:52:22,1676.0
2020-11-19 12:52:23,1684.0
2020-11-19 12:52:24,1674.0
2020-11-19 12:52:25,1676.0
2020-11-19 12:52:26,1683.0
2020-11-19 12:52:27,1730.0
2020-11-19 12:52:28,1677.0
2020-11-19 12:52:29,1590.0
2020-11-19 12:52:30,1723.0
2020-11-19 12:52:31,1741.0
2020-11-19 12:52:32,1694.0
2020-11-19 12:52:33,1754.0
2020-11-19 12:52:34,1545.0
2020-11-19 12:52:35,1581.0
2020-11-19 12:52:36,1589.0
2020-11-19 12:52:37,1651.0
2020-11-19 12:52:38,1666.0
2020-11-19 12:52:39,1805.0
2020-11-19 12:52:40,1736.0
2020-11-19 12:52:41,1790.0
2020-11-19 12:52:42,1728.0
2020-11-19 12:52:43,1727.0
2020-11-19 12:52:44,1725.0
2020-11-19 12:52:45,225.0
2020-11-19 12:52:46,921.0
2020-11-19 12:52:47,2109.0
2020-11-19 12:52:48,2985.0
2020-11-19 12:52:49,1667.0
2020-11-19 12:52:50,4099.0
2020-11-19 12:52:51,3000.0
2020-11-19 12:52:52,2980.0
2020-11-19 12:52:53,4549.0
2020-11-19 12:52:54,2058.0
2020-11-19 12:52:55,2019.0
2020-11-19 12:52:56,1998.0
2020-11-19 12:52:57,2074.0
2020-11-19 12:52:58,2059.0
2020-11-19 12:52:59,2072.0
2020-11-19 12:53:00,2043.0
2020-11-19 12:53:01,2085.0
2020-11-19 12:53:02,2072.0
2020-11-19 12:53:03,1998.0
2020-11-19 12:53:04,1922.0
2020-11-19 12:53:05,1888.0
2020-11-19 12:53:06,1954.0
2020-11-19 12:53:07,2041.0
2020-11-19 12:53:08,2014.0
2020-11-19 12:53:09,1894.0
2020-11-19 12:53:10,2019.0
2020-11-19 12:53:11,2022.0
2020-11-19 12:53:12,1996.0
2020-11-19 12:53:13,2060.0
2020-11-19 12:53:14,2106.0
2020-11-19 12:53:15,1717.0
2020-11-19 12:53:16,1980.0
2020-11-19 12:53:17,2090.0
2020-11-19 12:53:18,2082.0
2020-11-19 12:53:19,2083.0
2020-11-19 12:53:20,2023.0
2020-11-19 12:53:21,2073.0
2020-11-19 12:53:22,2066.0
2020-11-19 12:53:23,1986.0
2020-11-19 12:53:24,2044.0
2020-11-19 12:53:25,1946.0
2020-11-19 12:53:26,2096.0
2020-11-19 12:53:27,2046.0
2020-11-19 12:53:28,2091.0
2020-11-19 12:53:29,2006.0
2020-11-19 12:53:30,2059.0
2020-11-19 12:53:31,2046.0
2020-11-19 12:53:32,2066.0
2020-11-19 12:53:33,2059.0
2020-11-19 12:53:34,2012.0
2020-11-19 12:53:35,1953.0
2020-11-19 12:53:36,2021.0
2020-11-19 12:53:37,2012.0
2020-11-19 12:53:38,2029.0
2020-11-19 12:53:39,2024.0
2020-11-19 12:53:40,2071.0
2020-11-19 12:53:41,2018.0
2020-11-19 12:53:42,2036.0
2020-11-19 12:53:43,2108.0
2020-11-19 12:53:44,2031.0
2020-11-19 12:53:45,2091.0
2020-11-19 12:53:46,2023.0
2020-11-19 12:53:47,2028.0
2020-11-19 12:53:48,2062.0
2020-11-19 12:53:49,2052.0
2020-11-19 12:53:50,2055.0
2020-11-19 12:53:51,2063.0
2020-11-19 12:53:52,2065.0
2020-11-19 12:53:53,2037.0
2020-11-19 12:53:54,2007.0
2020-11-19 12:53:55,2018.0
2020-11-19 12:53:56,2024.0
2020-11-19 12:53:57,2028.0
2020-11-19 12:53:58,2079.0
2020-11-19 12:53:59,3245.0
2020-11-19 12:54:00,2394.0
2020-11-19 12:54:01,2078.0
2020-11-19 12:54:02,2040.0
2020-11-19 12:54:03,2031.0
2020-11-19 12:54:04,2060.0
2020-11-19 12:54:05,2043.0
2020-11-19 12:54:06,2001.0
2020-11-19 12:54:07,1943.0
2020-11-19 12:54:08,2022.0
2020-11-19 12:54:09,2018.0
2020-11-19 12:54:10,2066.0
2020-11-19 12:54:11,2020.0
2020-11-19 12:54:12,2093.0
2020-11-19 12:54:13,1960.0
2020-11-19 12:54:14,2042.0
2020-11-19 12:54:15,2043.0
2020-11-19 12:54:16,1837.0
2020-11-19 12:54:17,2021.0
2020-11-19 12:54:18,2011.0
2020-11-19 12:54:19,2116.0
2020-11-19 12:54:20,1984.0
2020-11-19 12:54:21,2035.0
2020-11-19 12:54:22,2078.0
2020-11-19 12:54:23,2024.0
2020-11-19 12:54:24,2037.0
2020-11-19 12:54:25,2057.0
2020-11-19 12:54:26,2086.0
2020-11-19 12:54:27,2077.0
2020-11-19 12:54:28,2085.0
2020-11-19 12:54:29,2091.0
2020-11-19 12:54:30,2010.0
2020-11-19 12:54:31,2016.0
2020-11-19 12:54:32,2059.0
2020-11-19 12:54:33,2058.0
2020-11-19 12:54:34,2106.0
2020-11-19 12:54:35,2028.0
2020-11-19 12:54:36,2024.0
2020-11-19 12:54:37,2067.0
2020-11-19 12:54:38,2046.0
2020-11-19 12:54:39,2055.0
2020-11-19 12:54:40,2020.0
2020-11-19 12:54:41,2050.0
2020-11-19 12:54:42,1996.0
2020-11-19 12:54:43,2055.0
2020-11-19 12:54:44,2076.0
2020-11-19 12:54:45,2101.9
2020-11-19 12:54:46,2057.06
2020-11-19 12:54:47,2065.0
2020-11-19 12:54:48,2077.0
2020-11-19 12:54:49,1931.0
2020-11-19 12:54:50,2054.0
2020-11-19 12:54:51,1967.0
2020-11-19 12:54:52,1977.0
2020-11-19 12:54:53,2008.0
2020-11-19 12:54:54,1926.0
2020-11-19 12:54:55,1787.0
2020-11-19 12:54:56,2036.0
2020-11-19 12:54:57,2010.0
2020-11-19 12:54:58,2054.0
2020-11-19 12:54:59,2053.0
2020-11-19 12:55:00,2099.0
2020-11-19 12:55:01,2031.0
2020-11-19 12:55:02,2051.0
2020-11-19 12:55:03,2067.0
2020-11-19 12:55:04,2033.0
2020-11-19 12:55:05,2048.0
2020-11-19 12:55:06,2000.0
2020-11-19 12:55:07,2035.0
2020-11-19 12:55:08,2035.0
2020-11-19 12:55:09,2053.0
2020-11-19 12:55:10,1905.0
2020-11-19 12:55:11,1994.0
2020-11-19 12:55:12,1960.0
2020-11-19 12:55:13,2077.0
2020-11-19 12:55:14,2015.0
2020-11-19 12:55:15,2084.0
2020-11-19 12:55:16,2060.0
2020-11-19 12:55:17,2052.0
2020-11-19 12:55:18,2067.0
2020-11-19 12:55:19,1963.0
2020-11-19 12:55:20,2038.0
2020-11-19 12:55:21,2058.0
2020-11-19 12:55:22,2065.0
2020-11-19 12:55:23,2102.0
2020-11-19 12:55:24,2044.0
2020-11-19 12:55:25,2051.0
2020-11-19 12:55:26,2076.0
2020-11-19 12:55:27,2059.0
2020-11-19 12:55:28,2054.0
2020-11-19 12:55:29,2046.0
2020-11-19 12:55:30,2012.0
2020-11-19 12:55:31,2013.0
2020-11-19 12:55:32,2008.0
2020-11-19 12:55:33,1950.0
2020-11-19 12:55:34,2152.0
2020-11-19 12:55:35,2096.0
2020-11-19 12:55:36,2055.0
2020-11-19 12:55:37,2021.0
2020-11-19 12:55:38,2058.0
2020-11-19 12:55:39,1952.0
2020-11-19 12:55:40,2105.0
2020-11-19 12:55:41,2048.0
2020-11-19 12:55:42,2069.0
2020-11-19 12:55:43,2111.0
2020-11-19 12:55:44,2045.0
2020-11-19 12:55:45,2110.0
2020-11-19 12:55:46,2064.0
2020-11-19 12:55:47,1945.0
2020-11-19 12:55:48,1964.0
2020-11-19 12:55:49,1982.0
2020-11-19 12:55:50,2095.0
2020-11-19 12:55:51,2002.0
2020-11-19 12:55:52,1962.0
2020-11-19 12:55:53,1915.0
2020-11-19 12:55:54,1642.0
2020-11-19 12:55:55,2015.0
2020-11-19 12:55:56,2018.0
2020-11-19 12:55:57,2041.0
2020-11-19 12:55:58,2047.0
2020-11-19 12:55:59,316.0
2020-11-19 12:56:00,1114.43
2020-11-19 12:56:01,781.91
2020-11-19 12:56:02,2002.98
2020-11-19 12:56:03,1296.37
2020-11-19 12:56:04,1337.0
2020-11-19 12:56:05,1667.0
2020-11-19 12:56:06,1581.0
2020-11-19 12:56:07,1572.0
2020-11-19 12:56:08,2137.0
2020-11-19 12:56:09,3521.0
2020-11-19 12:56:10,3743.0
2020-11-19 12:56:11,2286.0
2020-11-19 12:56:12,1517.0
2020-11-19 12:56:13,1669.0
2020-11-19 12:56:14,1656.0
2020-11-19 12:56:15,1757.0
2020-11-19 12:56:16,1611.0
2020-11-19 12:56:17,1723.0
2020-11-19 12:56:18,1690.0
2020-11-19 12:56:19,1632.0
2020-11-19 12:56:20,1741.0
2020-11-19 12:56:21,1670.0
2020-11-19 12:56:22,1605.0
2020-11-19 12:56:23,1705.0
2020-11-19 12:56:24,1728.0
2020-11-19 12:56:25,1777.0
2020-11-19 12:56:26,1715.0
2020-11-19 12:56:27,1627.0
2020-11-19 12:56:28,1676.0
2020-11-19 12:56:29,1543.0
2020-11-19 12:56:30,1664.0
2020-11-19 12:56:31,1667.0
2020-11-19 12:56:32,1712.0
2020-11-19 12:56:33,1730.0
2020-11-19 12:56:34,1657.0
2020-11-19 12:56:35,1692.0
2020-11-19 12:56:36,1942.0
2020-11-19 12:56:37,1663.0
2020-11-19 12:56:38,1587.0
2020-11-19 12:56:39,1483.0
2020-11-19 12:56:40,1483.0
2020-11-19 12:56:41,1640.0
2020-11-19 12:56:42,1710.0
2020-11-19 12:56:43,1744.0
2020-11-19 12:56:44,1731.0
2020-11-19 12:56:45,1779.0
2020-11-19 12:56:46,1746.0
2020-11-19 12:56:47,1663.0
2020-11-19 12:56:48,1540.0
2020-11-19 12:56:49,1665.0
2020-11-19 12:56:50,1658.0
2020-11-19 12:56:51,1676.0
2020-11-19 12:56:52,1687.0
2020-11-19 12:56:53,1557.0
2020-11-19 12:56:54,1831.0
2020-11-19 12:56:55,1909.0
2020-11-19 12:56:56,1700.0
2020-11-19 12:56:57,1734.0
2020-11-19 12:56:58,1734.0
2020-11-19 12:56:59,1677.0
2020-11-19 12:57:00,1682.0
2020-11-19 12:57:01,1608.0
2020-11-19 12:57:02,1857.0
2020-11-19 12:57:03,1690.0
2020-11-19 12:57:04,1763.0
2020-11-19 12:57:05,1756.0
2020-11-19 12:57:06,1713.0
2020-11-19 12:57:07,1772.0
2020-11-19 12:57:08,1728.0
2020-11-19 12:57:09,1753.0
2020-11-19 12:57:10,1698.0
2020-11-19 12:57:11,1678.0
2020-11-19 12:57:12,1696.0
2020-11-19 12:57:13,1714.29
2020-11-19 12:57:14,1688.69
2020-11-19 12:57:15,1659.0
2020-11-19 12:57:16,1630.0
2020-11-19 12:57:17,1647.0
2020-11-19 12:57:18,1474.0
2020-11-19 12:57:19,1666.0
2020-11-19 12:57:20,1598.0
2020-11-19 12:57:21,1674.0
2020-11-19 12:57:22,1793.0
2020-11-19 12:57:23,1735.0
2020-11-19 12:57:24,1623.0
2020-11-19 12:57:25,1695.0
2020-11-19 12:57:26,1744.0
2020-11-19 12:57:27,1678.0
2020-11-19 12:57:28,1676.0
2020-11-19 12:57:29,1707.0
2020-11-19 12:57:30,1740.0
2020-11-19 12:57:31,1750.0
2020-11-19 12:57:32,1745.0
2020-11-19 12:57:33,1694.0
2020-11-19 12:57:34,1746.0
2020-11-19 12:57:35,1683.0
2020-11-19 12:57:36,1761.0
2020-11-19 12:57:37,1611.0
2020-11-19 12:57:38,1689.0
2020-11-19 12:57:39,1715.0
2020-11-19 12:57:40,1747.0
2020-11-19 12:57:41,1695.0
2020-11-19 12:57:42,1642.0
2020-11-19 12:57:43,1701.0
2020-11-19 12:57:44,1719.0
2020-11-19 12:57:45,1741.0
2020-11-19 12:57:46,1690.0
2020-11-19 12:57:47,1613.0
2020-11-19 12:57:48,1639.0
2020-11-19 12:57:49,1561.0
2020-11-19 12:57:50,1669.0
2020-11-19 12:57:51,1717.0
2020-11-19 12:57:52,1705.0
2020-11-19 12:57:53,1688.0
2020-11-19 12:57:54,1713.0
2020-11-19 12:57:55,1736.0
2020-11-19 12:57:56,1626.0
2020-11-19 12:57:57,1659.0
2020-11-19 12:57:58,1721.0
2020-11-19 12:57:59,1720.0
2020-11-19 12:58:00,1666.0
2020-11-19 12:58:01,1625.0
2020-11-19 12:58:02,1602.0
2020-11-19 12:58:03,1696.0
2020-11-19 12:58:04,1771.0
2020-11-19 12:58:05,1756.0
2020-11-19 12:58:06,1772.0
2020-11-19 12:58:07,1672.0
2020-11-19 12:58:08,1667.0
2020-11-19 12:58:09,1741.0
2020-11-19 12:58:10,1660.0
2020-11-19 12:58:11,1641.0
2020-11-19 12:58:12,1672.0
2020-11-19 12:58:13,1612.0
2020-11-19 12:58:14,1612.0
2020-11-19 12:58:15,1731.61
2020-11-19 12:58:16,1619.72
2020-11-19 12:58:17,1561.0
2020-11-19 12:58:18,1593.0
2020-11-19 12:58:19,1589.0
2020-11-19 12:58:20,1599.0
2020-11-19 12:58:21,1630.0
2020-11-19 12:58:22,1704.0
2020-11-19 12:58:23,1629.0
2020-11-19 12:58:24,1757.0
2020-11-19 12:58:25,1636.0
2020-11-19 12:58:26,1702.0
2020-11-19 12:58:27,1688.0
2020-11-19 12:58:28,1703.0
2020-11-19 12:58:29,1662.0
2020-11-19 12:58:30,1645.0
2020-11-19 12:58:31,1655.0
2020-11-19 12:58:32,1696.0
2020-11-19 12:58:33,1770.0
2020-11-19 12:58:34,1689.0
2020-11-19 12:58:35,1699.0
2020-11-19 12:58:36,1823.18
2020-11-19 12:58:37,1697.7
2020-11-19 12:58:38,1437.0
2020-11-19 12:58:39,1681.0
2020-11-19 12:58:40,1627.0
2020-11-19 12:58:41,1617.0
2020-11-19 12:58:42,1673.0
2020-11-19 12:58:43,1619.0
2020-11-19 12:58:44,1720.0
2020-11-19 12:58:45,1665.0
2020-11-19 12:58:46,1698.0
2020-11-19 12:58:47,1756.0
2020-11-19 12:58:48,1747.0
2020-11-19 12:58:49,1703.0
2020-11-19 12:58:50,1662.0
2020-11-19 12:58:51,1688.0
2020-11-19 12:58:52,1648.0
2020-11-19 12:58:53,1654.0
2020-11-19 12:58:54,1676.0
2020-11-19 12:58:55,1655.0
2020-11-19 12:58:56,1742.0
2020-11-19 12:58:57,1679.0
2020-11-19 12:58:58,1643.0
2020-11-19 12:58:59,1765.23
2020-11-19 12:59:00,1712.71
2020-11-19 12:59:01,1716.0
2020-11-19 12:59:02,1574.0
2020-11-19 12:59:03,1628.0
2020-11-19 12:59:04,1797.0
2020-11-19 12:59:05,1880.0
2020-11-19 12:59:06,1715.0
2020-11-19 12:59:07,1774.0
2020-11-19 12:59:08,1751.0
2020-11-19 12:59:09,1655.0
2020-11-19 12:59:10,1685.0
2020-11-19 12:59:11,1684.0
2020-11-19 12:59:12,1712.0
2020-11-19 12:59:13,1721.0
2020-11-19 12:59:14,1750.0
2020-11-19 12:59:15,1692.0
2020-11-19 12:59:16,1575.0
2020-11-19 12:59:17,1569.0
2020-11-19 12:59:18,1630.0
2020-11-19 12:59:19,1599.0
2020-11-19 12:59:20,1592.0
2020-11-19 12:59:21,1631.0
2020-11-19 12:59:22,1636.0
2020-11-19 12:59:23,1717.0
2020-11-19 12:59:24,1648.0
2020-11-19 12:59:25,1706.0
2020-11-19 12:59:26,1616.0
2020-11-19 12:59:27,1747.0
2020-11-19 12:59:28,1724.0
2020-11-19 12:59:29,1751.0
2020-11-19 12:59:30,1714.0
2020-11-19 12:59:31,1730.0
2020-11-19 12:59:32,1698.0
2020-11-19 12:59:33,1646.0
2020-11-19 12:59:34,1689.0
2020-11-19 12:59:35,1688.0
2020-11-19 12:59:36,1773.0
2020-11-19 12:59:37,1699.0
2020-11-19 12:59:38,1627.0
2020-11-19 12:59:39,1524.0
2020-11-19 12:59:40,1693.31
2020-11-19 12:59:41,1575.58
2020-11-19 12:59:42,1584.0
2020-11-19 12:59:43,1680.0
2020-11-19 12:59:44,1596.0
2020-11-19 12:59:45,1643.0
2020-11-19 12:59:46,1723.0
2020-11-19 12:59:47,1663.0
2020-11-19 12:59:48,1741.0
2020-11-19 12:59:49,1740.0
2020-11-19 12:59:50,1631.0
2020-11-19 12:59:51,1751.0
2020-11-19 12:59:52,1661.0
2020-11-19 12:59:53,1700.0
2020-11-19 12:59:54,1701.0
2020-11-19 12:59:55,470.53
2020-11-19 12:59:56,3190.0
2020-11-19 12:59:57,3743.0
2020-11-19 12:59:58,3224.0
2020-11-19 12:59:59,1807.0
2020-11-19 13:00:00,1901.0
2020-11-19 13:00:01,1999.0
2020-11-19 13:00:02,3556.0
2020-11-19 13:00:03,1975.0
2020-11-19 13:00:04,2060.0
2020-11-19 13:00:05,2027.0
2020-11-19 13:00:06,2046.0
2020-11-19 13:00:07,2049.0
2020-11-19 13:00:08,2056.89
2020-11-19 13:00:09,2048.1
2020-11-19 13:00:10,2041.0
2020-11-19 13:00:11,2049.0
2020-11-19 13:00:12,2045.0
2020-11-19 13:00:13,1986.0
2020-11-19 13:00:14,2081.0
2020-11-19 13:00:15,1910.0
2020-11-19 13:00:16,2013.0
2020-11-19 13:00:17,2035.0
2020-11-19 13:00:18,2002.0
2020-11-19 13:00:19,2246.0
2020-11-19 13:00:20,2138.0
2020-11-19 13:00:21,2080.0
2020-11-19 13:00:22,2013.0
2020-11-19 13:00:23,2083.0
2020-11-19 13:00:24,2074.0
2020-11-19 13:00:25,1942.0
2020-11-19 13:00:26,2048.0
2020-11-19 13:00:27,2110.0
2020-11-19 13:00:28,2086.0
2020-11-19 13:00:29,2070.0
2020-11-19 13:00:30,2081.0
2020-11-19 13:00:31,2100.0
2020-11-19 13:00:32,2089.0
2020-11-19 13:00:33,2091.0
2020-11-19 13:00:34,2025.0
2020-11-19 13:00:35,1963.0
2020-11-19 13:00:36,2009.0
2020-11-19 13:00:37,2057.0
2020-11-19 13:00:38,1997.0
2020-11-19 13:00:39,2064.0
2020-11-19 13:00:40,2014.0
2020-11-19 13:00:41,1971.0
2020-11-19 13:00:42,1674.0
2020-11-19 13:00:43,2060.0
2020-11-19 13:00:44,1908.0
2020-11-19 13:00:45,1994.0
2020-11-19 13:00:46,1991.0
2020-11-19 13:00:47,2073.0
2020-11-19 13:00:48,2116.0
2020-11-19 13:00:49,2059.0
2020-11-19 13:00:50,2060.0
2020-11-19 13:00:51,2108.0
2020-11-19 13:00:52,2083.0
2020-11-19 13:00:53,2001.0
2020-11-19 13:00:54,2065.0
2020-11-19 13:00:55,2067.0
2020-11-19 13:00:56,1979.0
2020-11-19 13:00:57,2062.0
2020-11-19 13:00:58,2057.0
2020-11-19 13:00:59,2087.0
2020-11-19 13:01:00,2034.0
2020-11-19 13:01:01,2065.0
2020-11-19 13:01:02,2123.0
2020-11-19 13:01:03,2044.0
2020-11-19 13:01:04,2127.0
2020-11-19 13:01:05,2072.0
2020-11-19 13:01:06,2079.0
2020-11-19 13:01:07,2140.0
2020-11-19 13:01:08,2094.0
2020-11-19 13:01:09,2091.0
2020-11-19 13:01:10,2078.0
2020-11-19 13:01:11,2025.0
2020-11-19 13:01:12,2011.0
2020-11-19 13:01:13,2106.0
2020-11-19 13:01:14,2062.0
2020-11-19 13:01:15,2060.0
2020-11-19 13:01:16,2101.0
2020-11-19 13:01:17,2047.0
2020-11-19 13:01:18,2060.94
2020-11-19 13:01:19,2045.05
2020-11-19 13:01:20,2059.0
2020-11-19 13:01:21,2044.0
2020-11-19 13:01:22,2056.0
2020-11-19 13:01:23,2035.0
2020-11-19 13:01:24,2050.0
2020-11-19 13:01:25,2150.0
2020-11-19 13:01:26,2024.0
2020-11-19 13:01:27,2005.0
2020-11-19 13:01:28,2078.0
2020-11-19 13:01:29,2035.0
2020-11-19 13:01:30,1992.0
2020-11-19 13:01:31,2015.0
2020-11-19 13:01:32,2050.0
2020-11-19 13:01:33,2053.0
2020-11-19 13:01:34,2030.0
2020-11-19 13:01:35,2009.0
2020-11-19 13:01:36,2075.0
2020-11-19 13:01:37,2039.0
2020-11-19 13:01:38,2043.0
2020-11-19 13:01:39,2074.0
2020-11-19 13:01:40,2021.0
2020-11-19 13:01:41,2025.0
2020-11-19 13:01:42,2006.0
2020-11-19 13:01:43,2017.0
2020-11-19 13:01:44,2047.0
2020-11-19 13:01:45,1826.0
2020-11-19 13:01:46,1925.0
2020-11-19 13:01:47,2013.0
2020-11-19 13:01:48,2048.0
2020-11-19 13:01:49,2032.0
2020-11-19 13:01:50,2032.0
2020-11-19 13:01:51,1995.0
2020-11-19 13:01:52,2063.0
2020-11-19 13:01:53,2024.0
2020-11-19 13:01:54,2061.0
2020-11-19 13:01:55,2055.0
2020-11-19 13:01:56,1978.0
2020-11-19 13:01:57,2079.0
2020-11-19 13:01:58,2024.0
2020-11-19 13:01:59,2080.0
2020-11-19 13:02:00,2064.0
2020-11-19 13:02:01,2033.0
2020-11-19 13:02:02,2043.0
2020-11-19 13:02:03,2007.0
2020-11-19 13:02:04,2171.0
2020-11-19 13:02:05,2101.0
2020-11-19 13:02:06,2007.0
2020-11-19 13:02:07,2029.0
2020-11-19 13:02:08,2108.0
2020-11-19 13:02:09,2101.0
2020-11-19 13:02:10,2034.0
2020-11-19 13:02:11,1989.0
2020-11-19 13:02:12,2045.0
2020-11-19 13:02:13,2048.0
2020-11-19 13:02:14,2021.0
2020-11-19 13:02:15,2012.0
2020-11-19 13:02:16,2034.0
2020-11-19 13:02:17,2059.0
2020-11-19 13:02:18,2018.0
2020-11-19 13:02:19,2042.0
2020-11-19 13:02:20,2019.0
2020-11-19 13:02:21,2013.0
2020-11-19 13:02:22,2152.0
2020-11-19 13:02:23,2057.0
2020-11-19 13:02:24,2000.0
2020-11-19 13:02:25,1993.0
2020-11-19 13:02:26,2078.0
2020-11-19 13:02:27,2033.0
2020-11-19 13:02:28,2038.0
2020-11-19 13:02:29,2090.0
2020-11-19 13:02:30,2009.0
2020-11-19 13:02:31,2075.0
2020-11-19 13:02:32,2036.0
2020-11-19 13:02:33,2041.0
2020-11-19 13:02:34,2039.0
2020-11-19 13:02:35,2012.0
2020-11-19 13:02:36,1961.0
2020-11-19 13:02:37,2015.0
2020-11-19 13:02:38,1957.0
2020-11-19 13:02:39,2016.0
2020-11-19 13:02:40,1987.0
2020-11-19 13:02:41,1642.0
2020-11-19 13:02:42,2004.0
2020-11-19 13:02:43,2018.0
2020-11-19 13:02:44,2131.0
2020-11-19 13:02:45,2006.0
2020-11-19 13:02:46,1900.0
2020-11-19 13:02:47,2059.0
2020-11-19 13:02:48,2058.0
2020-11-19 13:02:49,2065.0
2020-11-19 13:02:50,2066.0
2020-11-19 13:02:51,2058.0
2020-11-19 13:02:52,2088.0
2020-11-19 13:02:53,2031.0
2020-11-19 13:02:54,2005.0
2020-11-19 13:02:55,2102.0
2020-11-19 13:02:56,2044.0
2020-11-19 13:02:57,2077.0
2020-11-19 13:02:58,2029.0
2020-11-19 13:02:59,2067.0
2020-11-19 13:03:00,2022.0
2020-11-19 13:03:01,2004.0
2020-11-19 13:03:02,2025.0
2020-11-19 13:03:03,1958.0
2020-11-19 13:03:04,2020.0
2020-11-19 13:03:05,1939.0
2020-11-19 13:03:06,1904.0
2020-11-19 13:03:07,1900.0
2020-11-19 13:03:08,1860.0
2020-11-19 13:03:09,446.55
2020-11-19 13:03:10,1241.0
2020-11-19 13:03:11,957.0
2020-11-19 13:03:12,1309.0
2020-11-19 13:03:13,998.0
2020-11-19 13:03:14,1353.0
2020-11-19 13:03:15,1312.0
2020-11-19 13:03:16,1405.0
2020-11-19 13:03:17,1476.0
2020-11-19 13:03:18,1414.0
2020-11-19 13:03:19,1486.0
2020-11-19 13:03:20,3500.0
2020-11-19 13:03:21,3725.0
2020-11-19 13:03:22,3189.0
2020-11-19 13:03:23,1632.0
2020-11-19 13:03:24,1700.0
2020-11-19 13:03:25,1682.0
2020-11-19 13:03:26,1643.0
2020-11-19 13:03:27,1583.0
2020-11-19 13:03:28,1671.0
2020-11-19 13:03:29,1619.0
2020-11-19 13:03:30,1631.0
2020-11-19 13:03:31,1592.0
2020-11-19 13:03:32,1644.0
2020-11-19 13:03:33,1780.0
2020-11-19 13:03:34,2196.0
2020-11-19 13:03:35,1737.0
2020-11-19 13:03:36,1740.0
2020-11-19 13:03:37,1648.0
2020-11-19 13:03:38,1648.0
2020-11-19 13:03:39,1630.0
2020-11-19 13:03:40,1677.0
2020-11-19 13:03:41,1715.0
2020-11-19 13:03:42,1661.0
2020-11-19 13:03:43,1720.0
2020-11-19 13:03:44,1632.0
2020-11-19 13:03:45,1637.0
2020-11-19 13:03:46,1646.0
2020-11-19 13:03:47,1664.0
2020-11-19 13:03:48,1614.0
2020-11-19 13:03:49,1561.0
2020-11-19 13:03:50,1440.0
2020-11-19 13:03:51,1604.0
2020-11-19 13:03:52,1684.0
2020-11-19 13:03:53,1862.0
2020-11-19 13:03:54,1773.0
2020-11-19 13:03:55,1775.0
2020-11-19 13:03:56,1623.0
2020-11-19 13:03:57,1748.0
2020-11-19 13:03:58,1713.0
2020-11-19 13:03:59,1758.0
2020-11-19 13:04:00,1736.0
2020-11-19 13:04:01,1686.0
2020-11-19 13:04:02,1723.0
2020-11-19 13:04:03,1617.0
2020-11-19 13:04:04,1621.0
2020-11-19 13:04:05,1717.28
2020-11-19 13:04:06,1694.69
2020-11-19 13:04:07,1581.0
2020-11-19 13:04:08,1789.0
2020-11-19 13:04:09,1774.0
2020-11-19 13:04:10,1665.0
2020-11-19 13:04:11,1643.0
2020-11-19 13:04:12,1682.0
2020-11-19 13:04:13,1719.0
2020-11-19 13:04:14,1722.0
2020-11-19 13:04:15,1662.0
2020-11-19 13:04:16,1724.0
2020-11-19 13:04:17,1720.0
2020-11-19 13:04:18,1696.0
2020-11-19 13:04:19,1688.0
2020-11-19 13:04:20,1746.0
2020-11-19 13:04:21,1687.0
2020-11-19 13:04:22,1670.0
2020-11-19 13:04:23,1656.0
2020-11-19 13:04:24,1689.0
2020-11-19 13:04:25,1664.0
2020-11-19 13:04:26,1609.0
2020-11-19 13:04:27,1753.0
2020-11-19 13:04:28,1705.0
2020-11-19 13:04:29,1705.0
2020-11-19 13:04:30,1779.0
2020-11-19 13:04:31,1676.0
2020-11-19 13:04:32,1641.0
2020-11-19 13:04:33,1619.0
2020-11-19 13:04:34,1765.0
2020-11-19 13:04:35,1737.0
2020-11-19 13:04:36,1753.0
2020-11-19 13:04:37,3201.0
2020-11-19 13:04:38,1664.0
2020-11-19 13:04:39,1658.0
2020-11-19 13:04:40,1639.0
2020-11-19 13:04:41,1713.0
2020-11-19 13:04:42,1705.0
2020-11-19 13:04:43,1637.0
2020-11-19 13:04:44,1694.0
2020-11-19 13:04:45,1819.0
2020-11-19 13:04:46,1824.0
2020-11-19 13:04:47,1748.0
2020-11-19 13:04:48,1695.0
2020-11-19 13:04:49,1759.0
2020-11-19 13:04:50,1654.0
2020-11-19 13:04:51,1665.0
2020-11-19 13:04:52,1776.0
2020-11-19 13:04:53,1720.0
2020-11-19 13:04:54,1715.0
2020-11-19 13:04:55,1628.0
2020-11-19 13:04:56,1588.0
2020-11-19 13:04:57,1569.0
2020-11-19 13:04:58,1625.0
2020-11-19 13:04:59,1651.0
2020-11-19 13:05:00,1593.0
2020-11-19 13:05:01,1637.0
2020-11-19 13:05:02,1661.0
2020-11-19 13:05:03,1659.0
2020-11-19 13:05:04,1660.0
2020-11-19 13:05:05,1665.0
2020-11-19 13:05:06,1717.0
2020-11-19 13:05:07,1711.0
2020-11-19 13:05:08,1647.0
2020-11-19 13:05:09,1596.0
2020-11-19 13:05:10,1734.0
2020-11-19 13:05:11,1680.0
2020-11-19 13:05:12,1692.0
2020-11-19 13:05:13,1664.0
2020-11-19 13:05:14,1531.0
2020-11-19 13:05:15,1656.0
2020-11-19 13:05:16,1617.0
2020-11-19 13:05:17,1807.0
2020-11-19 13:05:18,1544.0
2020-11-19 13:05:19,1634.0
2020-11-19 13:05:20,1537.0
2020-11-19 13:05:21,1574.0
2020-11-19 13:05:22,1685.0
2020-11-19 13:05:23,1656.0
2020-11-19 13:05:24,1645.0
2020-11-19 13:05:25,1660.0
2020-11-19 13:05:26,1613.0
2020-11-19 13:05:27,1743.0
2020-11-19 13:05:28,1654.0
2020-11-19 13:05:29,1681.0
2020-11-19 13:05:30,1711.0
2020-11-19 13:05:31,1631.0
2020-11-19 13:05:32,1616.0
2020-11-19 13:05:33,1723.0
2020-11-19 13:05:34,1715.0
2020-11-19 13:05:35,2741.0
2020-11-19 13:05:36,2177.0
2020-11-19 13:05:37,1742.0
2020-11-19 13:05:38,1742.0
2020-11-19 13:05:39,1673.0
2020-11-19 13:05:40,1722.0
2020-11-19 13:05:41,1662.0
2020-11-19 13:05:42,1695.0
2020-11-19 13:05:43,1602.0
2020-11-19 13:05:44,1649.0
2020-11-19 13:05:45,1676.0
2020-11-19 13:05:46,1762.0
2020-11-19 13:05:47,1617.0
2020-11-19 13:05:48,1665.0
2020-11-19 13:05:49,1707.0
2020-11-19 13:05:50,1639.0
2020-11-19 13:05:51,1616.0
2020-11-19 13:05:52,1707.0
2020-11-19 13:05:53,1895.0
2020-11-19 13:05:54,1649.0
2020-11-19 13:05:55,1702.0
2020-11-19 13:05:56,1758.0
2020-11-19 13:05:57,1525.0
2020-11-19 13:05:58,1578.0
2020-11-19 13:05:59,1626.0
2020-11-19 13:06:00,1625.37
2020-11-19 13:06:01,1727.73
2020-11-19 13:06:02,1742.0
2020-11-19 13:06:03,1681.0
2020-11-19 13:06:04,1645.0
2020-11-19 13:06:05,1639.0
2020-11-19 13:06:06,1697.0
2020-11-19 13:06:07,1707.0
2020-11-19 13:06:08,1587.0
2020-11-19 13:06:09,1734.0
2020-11-19 13:06:10,1705.0
2020-11-19 13:06:11,1694.0
2020-11-19 13:06:12,1740.0
2020-11-19 13:06:13,1773.0
2020-11-19 13:06:14,1582.0
2020-11-19 13:06:15,1678.0
2020-11-19 13:06:16,1652.0
2020-11-19 13:06:17,1658.0
2020-11-19 13:06:18,1658.0
2020-11-19 13:06:19,1655.0
2020-11-19 13:06:20,1709.0
2020-11-19 13:06:21,1764.0
2020-11-19 13:06:22,1774.0
2020-11-19 13:06:23,1792.0
2020-11-19 13:06:24,1793.0
2020-11-19 13:06:25,1803.0
2020-11-19 13:06:26,1612.0
2020-11-19 13:06:27,1630.0
2020-11-19 13:06:28,1657.0
2020-11-19 13:06:29,1586.0
2020-11-19 13:06:30,1603.0
2020-11-19 13:06:31,1638.0
2020-11-19 13:06:32,1710.0
2020-11-19 13:06:33,1665.0
2020-11-19 13:06:34,1680.0
2020-11-19 13:06:35,1654.0
2020-11-19 13:06:36,1519.0
2020-11-19 13:06:37,1692.31
2020-11-19 13:06:38,1699.7
2020-11-19 13:06:39,1718.0
2020-11-19 13:06:40,1778.0
2020-11-19 13:06:41,1748.0
2020-11-19 13:06:42,1576.0
2020-11-19 13:06:43,1671.0
2020-11-19 13:06:44,1590.0
2020-11-19 13:06:45,1634.0
2020-11-19 13:06:46,1696.0
2020-11-19 13:06:47,1628.0
2020-11-19 13:06:48,1741.0
2020-11-19 13:06:49,1645.0
2020-11-19 13:06:50,1644.0
2020-11-19 13:06:51,1652.0
2020-11-19 13:06:52,1608.0
2020-11-19 13:06:53,1622.0
2020-11-19 13:06:54,1671.0
2020-11-19 13:06:55,1669.0
2020-11-19 13:06:56,1691.0
2020-11-19 13:06:57,1696.0
2020-11-19 13:06:58,1725.0
2020-11-19 13:06:59,1641.0
2020-11-19 13:07:00,1677.0
2020-11-19 13:07:01,1706.0
2020-11-19 13:07:02,1730.0
2020-11-19 13:07:03,1749.0
2020-11-19 13:07:04,1618.0
2020-11-19 13:07:05,297.0
2020-11-19 13:07:06,1723.11
2020-11-19 13:07:07,2872.49
2020-11-19 13:07:08,3850.0
2020-11-19 13:07:09,1971.0
2020-11-19 13:07:10,2147.0
2020-11-19 13:07:11,4362.0
2020-11-19 13:07:12,4540.0
2020-11-19 13:07:13,2348.0
2020-11-19 13:07:14,2030.0
2020-11-19 13:07:15,2035.0
2020-11-19 13:07:16,2052.0
2020-11-19 13:07:17,2151.0
2020-11-19 13:07:18,2504.0
2020-11-19 13:07:19,2098.0
2020-11-19 13:07:20,1998.0
2020-11-19 13:07:21,2115.0
2020-11-19 13:07:22,2076.0
2020-11-19 13:07:23,2042.0
2020-11-19 13:07:24,1851.0
2020-11-19 13:07:25,1977.0
2020-11-19 13:07:26,2057.0
2020-11-19 13:07:27,2084.0
2020-11-19 13:07:28,2063.0
2020-11-19 13:07:29,2019.0
2020-11-19 13:07:30,2041.0
2020-11-19 13:07:31,2059.0
2020-11-19 13:07:32,2077.0
2020-11-19 13:07:33,2112.0
2020-11-19 13:07:34,2056.0
2020-11-19 13:07:35,2035.0
2020-11-19 13:07:36,2010.0
2020-11-19 13:07:37,2036.0
2020-11-19 13:07:38,2044.0
2020-11-19 13:07:39,1914.0
2020-11-19 13:07:40,1972.0
2020-11-19 13:07:41,1998.0
2020-11-19 13:07:42,2027.0
2020-11-19 13:07:43,2070.0
2020-11-19 13:07:44,2083.0
2020-11-19 13:07:45,1993.0
2020-11-19 13:07:46,5099.0
2020-11-19 13:07:47,2429.0
2020-11-19 13:07:48,2047.0
2020-11-19 13:07:49,2106.0
2020-11-19 13:07:50,2154.0
2020-11-19 13:07:51,2067.0
2020-11-19 13:07:52,2094.0
2020-11-19 13:07:53,2110.0
2020-11-19 13:07:54,2038.0
2020-11-19 13:07:55,2055.0
2020-11-19 13:07:56,2126.37
2020-11-19 13:07:57,2036.18
2020-11-19 13:07:58,1888.0
2020-11-19 13:07:59,2018.0
2020-11-19 13:08:00,1990.0
2020-11-19 13:08:01,1469.0
2020-11-19 13:08:02,3593.0
2020-11-19 13:08:03,2049.0
2020-11-19 13:08:04,2042.0
2020-11-19 13:08:05,2015.0
2020-11-19 13:08:06,2071.0
2020-11-19 13:08:07,1999.0
2020-11-19 13:08:08,2035.0
2020-11-19 13:08:09,1992.0
2020-11-19 13:08:10,1941.0
2020-11-19 13:08:11,2007.0
2020-11-19 13:08:12,2094.0
2020-11-19 13:08:13,2049.0
2020-11-19 13:08:14,2065.0
2020-11-19 13:08:15,2027.0
2020-11-19 13:08:16,2083.0
2020-11-19 13:08:17,1959.0
2020-11-19 13:08:18,2049.0
2020-11-19 13:08:19,2006.0
2020-11-19 13:08:20,2065.0
2020-11-19 13:08:21,2038.0
2020-11-19 13:08:22,2002.0
2020-11-19 13:08:23,2081.0
2020-11-19 13:08:24,2098.0
2020-11-19 13:08:25,2062.0
2020-11-19 13:08:26,2070.0
2020-11-19 13:08:27,2116.0
2020-11-19 13:08:28,2027.0
2020-11-19 13:08:29,2115.0
2020-11-19 13:08:30,2080.0
2020-11-19 13:08:31,2111.0
2020-11-19 13:08:32,2038.0
2020-11-19 13:08:33,2026.0
2020-11-19 13:08:34,2051.0
2020-11-19 13:08:35,2033.0
2020-11-19 13:08:36,2019.0
2020-11-19 13:08:37,2005.0
2020-11-19 13:08:38,1979.0
2020-11-19 13:08:39,1840.0
2020-11-19 13:08:40,1954.14
2020-11-19 13:08:41,1837.51
2020-11-19 13:08:42,2057.0
2020-11-19 13:08:43,2060.0
2020-11-19 13:08:44,2044.0
2020-11-19 13:08:45,2028.0
2020-11-19 13:08:46,1990.0
2020-11-19 13:08:47,2022.0
2020-11-19 13:08:48,2046.0
2020-11-19 13:08:49,2042.0
2020-11-19 13:08:50,2068.0
2020-11-19 13:08:51,2033.0
2020-11-19 13:08:52,2008.0
2020-11-19 13:08:53,2059.0
2020-11-19 13:08:54,2065.0
2020-11-19 13:08:55,2049.0
2020-11-19 13:08:56,2008.0
2020-11-19 13:08:57,2080.0
2020-11-19 13:08:58,2025.0
2020-11-19 13:08:59,1881.0
2020-11-19 13:09:00,1850.0
2020-11-19 13:09:01,1869.0
2020-11-19 13:09:02,1939.0
2020-11-19 13:09:03,2070.0
2020-11-19 13:09:04,2025.0
2020-11-19 13:09:05,2071.93
2020-11-19 13:09:06,2045.05
2020-11-19 13:09:07,1994.0
2020-11-19 13:09:08,2054.0
2020-11-19 13:09:09,2033.0
2020-11-19 13:09:10,2039.0
2020-11-19 13:09:11,2012.0
2020-11-19 13:09:12,1957.0
2020-11-19 13:09:13,2060.0
2020-11-19 13:09:14,2073.0
2020-11-19 13:09:15,2047.0
2020-11-19 13:09:16,2041.0
2020-11-19 13:09:17,2004.0
2020-11-19 13:09:18,2024.9
2020-11-19 13:09:19,2265.06
2020-11-19 13:09:20,2274.0
2020-11-19 13:09:21,2061.0
2020-11-19 13:09:22,2177.0
2020-11-19 13:09:23,2061.0
2020-11-19 13:09:24,2061.0
2020-11-19 13:09:25,2018.0
2020-11-19 13:09:26,2020.0
2020-11-19 13:09:27,2055.0
2020-11-19 13:09:28,2053.0
2020-11-19 13:09:29,2061.0
2020-11-19 13:09:30,2113.0
2020-11-19 13:09:31,2076.0
2020-11-19 13:09:32,2117.0
2020-11-19 13:09:33,2075.0
2020-11-19 13:09:34,2081.0
2020-11-19 13:09:35,2037.0
2020-11-19 13:09:36,2060.0
2020-11-19 13:09:37,1986.0
2020-11-19 13:09:38,1935.0
2020-11-19 13:09:39,2008.0
2020-11-19 13:09:40,1978.0
2020-11-19 13:09:41,2073.0
2020-11-19 13:09:42,2016.0
2020-11-19 13:09:43,2008.0
2020-11-19 13:09:44,2006.0
2020-11-19 13:09:45,1973.0
2020-11-19 13:09:46,1993.01
2020-11-19 13:09:47,2004.0
2020-11-19 13:09:48,2064.94
2020-11-19 13:09:49,2093.09
2020-11-19 13:09:50,2009.0
2020-11-19 13:09:51,2034.0
2020-11-19 13:09:52,2045.0
2020-11-19 13:09:53,1900.0
2020-11-19 13:09:54,2065.0
2020-11-19 13:09:55,1971.0
2020-11-19 13:09:56,1790.0
2020-11-19 13:09:57,1987.0
2020-11-19 13:09:58,2031.0
2020-11-19 13:09:59,2038.0
2020-11-19 13:10:00,2043.0
2020-11-19 13:10:01,2066.0
2020-11-19 13:10:02,2091.0
2020-11-19 13:10:03,2004.99
2020-11-19 13:10:04,2067.2
2020-11-19 13:10:05,2036.0
2020-11-19 13:10:06,2009.0
2020-11-19 13:10:07,2036.0
2020-11-19 13:10:08,1989.0
2020-11-19 13:10:09,1996.0
2020-11-19 13:10:10,1995.0
2020-11-19 13:10:11,2013.0
2020-11-19 13:10:12,2000.0
2020-11-19 13:10:13,2013.0
2020-11-19 13:10:14,1934.0
2020-11-19 13:10:15,2083.0
2020-11-19 13:10:16,342.0
2020-11-19 13:10:17,526.0
2020-11-19 13:10:18,645.35
2020-11-19 13:10:19,1125.13
2020-11-19 13:10:20,1311.0
2020-11-19 13:10:21,1345.0
2020-11-19 13:10:22,1271.0
2020-11-19 13:10:23,1430.0
2020-11-19 13:10:24,1319.0
2020-11-19 13:10:25,1407.0
2020-11-19 13:10:26,2261.0
2020-11-19 13:10:27,1445.0
2020-11-19 13:10:28,1335.33
2020-11-19 13:10:29,4503.5
2020-11-19 13:10:30,3968.97
2020-11-19 13:10:31,4296.0
2020-11-19 13:10:32,2962.0
2020-11-19 13:10:33,1721.0
2020-11-19 13:10:34,1624.0
2020-11-19 13:10:35,1621.0
2020-11-19 13:10:36,1641.0
2020-11-19 13:10:37,1560.0
2020-11-19 13:10:38,1559.0
2020-11-19 13:10:39,1424.0
2020-11-19 13:10:40,1651.0
2020-11-19 13:10:41,1745.0
2020-11-19 13:10:42,1730.0
2020-11-19 13:10:43,1774.0
2020-11-19 13:10:44,1583.0
2020-11-19 13:10:45,1669.0
2020-11-19 13:10:46,1693.0
2020-11-19 13:10:47,1760.0
2020-11-19 13:10:48,1679.0
2020-11-19 13:10:49,1678.0
2020-11-19 13:10:50,1664.0
2020-11-19 13:10:51,1639.0
2020-11-19 13:10:52,1620.0
2020-11-19 13:10:53,1705.0
2020-11-19 13:10:54,1649.0
2020-11-19 13:10:55,1726.0
2020-11-19 13:10:56,1693.0
2020-11-19 13:10:57,1673.0
2020-11-19 13:10:58,1738.0
2020-11-19 13:10:59,1694.0
2020-11-19 13:11:00,1747.0
2020-11-19 13:11:01,1833.0
2020-11-19 13:11:02,1856.0
2020-11-19 13:11:03,1952.0
2020-11-19 13:11:04,1713.0
2020-11-19 13:11:05,1714.0
2020-11-19 13:11:06,1642.0
2020-11-19 13:11:07,1656.0
2020-11-19 13:11:08,1596.0
2020-11-19 13:11:09,1694.0
2020-11-19 13:11:10,1660.0
2020-11-19 13:11:11,1640.0
2020-11-19 13:11:12,1541.0
2020-11-19 13:11:13,1543.0
2020-11-19 13:11:14,1752.0
2020-11-19 13:11:15,1596.0
2020-11-19 13:11:16,1533.0
2020-11-19 13:11:17,1599.0
2020-11-19 13:11:18,1716.0
2020-11-19 13:11:19,1653.0
2020-11-19 13:11:20,1695.0
2020-11-19 13:11:21,1662.0
2020-11-19 13:11:22,1663.0
2020-11-19 13:11:23,1720.0
2020-11-19 13:11:24,1860.0
2020-11-19 13:11:25,1636.0
2020-11-19 13:11:26,1625.0
2020-11-19 13:11:27,1663.0
2020-11-19 13:11:28,1604.0
2020-11-19 13:11:29,1598.0
2020-11-19 13:11:30,1694.0
2020-11-19 13:11:31,1744.0
2020-11-19 13:11:32,1762.0
2020-11-19 13:11:33,1685.63
2020-11-19 13:11:34,1660.32
2020-11-19 13:11:35,1705.0
2020-11-19 13:11:36,1668.0
2020-11-19 13:11:37,1684.0
2020-11-19 13:11:38,1733.0
2020-11-19 13:11:39,1553.0
2020-11-19 13:11:40,1639.0
2020-11-19 13:11:41,1614.0
2020-11-19 13:11:42,1689.0
2020-11-19 13:11:43,1681.0
2020-11-19 13:11:44,1649.0
2020-11-19 13:11:45,1667.0
2020-11-19 13:11:46,1640.0
2020-11-19 13:11:47,1718.0
2020-11-19 13:11:48,1724.0
2020-11-19 13:11:49,1715.0
2020-11-19 13:11:50,1678.0
2020-11-19 13:11:51,1647.0
2020-11-19 13:11:52,1623.0
2020-11-19 13:11:53,1610.0
2020-11-19 13:11:54,1568.0
2020-11-19 13:11:55,1658.0
2020-11-19 13:11:56,1658.0
2020-11-19 13:11:57,1734.0
2020-11-19 13:11:58,1663.0
2020-11-19 13:11:59,1695.0
2020-11-19 13:12:00,1491.0
2020-11-19 13:12:01,1549.0
2020-11-19 13:12:02,1670.0
2020-11-19 13:12:03,1708.0
2020-11-19 13:12:04,2341.0
2020-11-19 13:12:05,1698.0
2020-11-19 13:12:06,1691.0
2020-11-19 13:12:07,1733.0
2020-11-19 13:12:08,1577.0
2020-11-19 13:12:09,1675.0
2020-11-19 13:12:10,1757.0
2020-11-19 13:12:11,1658.0
2020-11-19 13:12:12,1696.0
2020-11-19 13:12:13,1676.0
2020-11-19 13:12:14,1652.0
2020-11-19 13:12:15,1561.0
2020-11-19 13:12:16,1609.39
2020-11-19 13:12:17,1675.68
2020-11-19 13:12:18,1669.0
2020-11-19 13:12:19,1555.0
2020-11-19 13:12:20,1682.0
2020-11-19 13:12:21,1717.0
2020-11-19 13:12:22,1727.0
2020-11-19 13:12:23,1682.0
2020-11-19 13:12:24,1730.0
2020-11-19 13:12:25,1578.0
2020-11-19 13:12:26,1691.0
2020-11-19 13:12:27,1670.0
2020-11-19 13:12:28,1704.0
2020-11-19 13:12:29,1724.0
2020-11-19 13:12:30,1610.0
2020-11-19 13:12:31,1647.0
2020-11-19 13:12:32,1710.0
2020-11-19 13:12:33,1684.0
2020-11-19 13:12:34,1698.0
2020-11-19 13:12:35,1715.0
2020-11-19 13:12:36,1769.0
2020-11-19 13:12:37,1557.44
2020-11-19 13:12:38,1524.52
2020-11-19 13:12:39,1565.0
2020-11-19 13:12:40,1589.0
2020-11-19 13:12:41,1740.0
2020-11-19 13:12:42,1663.0
2020-11-19 13:12:43,1638.0
2020-11-19 13:12:44,1614.0
2020-11-19 13:12:45,1738.0
2020-11-19 13:12:46,1716.0
2020-11-19 13:12:47,1753.0
2020-11-19 13:12:48,1727.0
2020-11-19 13:12:49,1745.0
2020-11-19 13:12:50,1711.0
2020-11-19 13:12:51,1687.0
2020-11-19 13:12:52,1630.0
2020-11-19 13:12:53,1639.0
2020-11-19 13:12:54,1716.0
2020-11-19 13:12:55,1675.0
2020-11-19 13:12:56,1655.0
2020-11-19 13:12:57,1676.0
2020-11-19 13:12:58,1683.0
2020-11-19 13:12:59,1748.0
2020-11-19 13:13:00,1876.0
2020-11-19 13:13:01,1745.0
2020-11-19 13:13:02,1645.0
2020-11-19 13:13:03,1600.0
2020-11-19 13:13:04,1746.0
2020-11-19 13:13:05,1844.0
2020-11-19 13:13:06,1759.0
2020-11-19 13:13:07,1785.0
2020-11-19 13:13:08,1738.0
2020-11-19 13:13:09,1614.0
2020-11-19 13:13:10,1658.0
2020-11-19 13:13:11,1701.0
2020-11-19 13:13:12,1716.0
2020-11-19 13:13:13,1612.0
2020-11-19 13:13:14,1791.0
2020-11-19 13:13:15,1600.0
2020-11-19 13:13:16,1583.0
2020-11-19 13:13:17,1634.0
2020-11-19 13:13:18,1573.0
2020-11-19 13:13:19,1528.0
2020-11-19 13:13:20,1818.0
2020-11-19 13:13:21,1544.0
2020-11-19 13:13:22,1691.0
2020-11-19 13:13:23,1729.0
2020-11-19 13:13:24,1608.0
2020-11-19 13:13:25,1676.0
2020-11-19 13:13:26,1603.0
2020-11-19 13:13:27,1554.0
2020-11-19 13:13:28,1680.0
2020-11-19 13:13:29,1656.0
2020-11-19 13:13:30,1666.0
2020-11-19 13:13:31,1768.0
2020-11-19 13:13:32,1660.0
2020-11-19 13:13:33,1700.0
2020-11-19 13:13:34,1629.0
2020-11-19 13:13:35,1699.0
2020-11-19 13:13:36,1687.0
2020-11-19 13:13:37,1561.0
2020-11-19 13:13:38,1655.0
2020-11-19 13:13:39,1602.0
2020-11-19 13:13:40,1512.0
2020-11-19 13:13:41,1595.0
2020-11-19 13:13:42,1701.0
2020-11-19 13:13:43,1583.0
2020-11-19 13:13:44,1649.0
2020-11-19 13:13:45,1591.0
2020-11-19 13:13:46,1749.0
2020-11-19 13:13:47,1620.0
2020-11-19 13:13:48,1673.0
2020-11-19 13:13:49,1673.0
2020-11-19 13:13:50,1757.0
2020-11-19 13:13:51,1644.0
2020-11-19 13:13:52,1641.0
2020-11-19 13:13:53,1665.0
2020-11-19 13:13:54,1716.0
2020-11-19 13:13:55,1757.0
2020-11-19 13:13:56,1732.0
2020-11-19 13:13:57,1844.0
2020-11-19 13:13:58,1629.0
2020-11-19 13:13:59,1672.0
2020-11-19 13:14:00,1705.0
2020-11-19 13:14:01,1712.0
2020-11-19 13:14:02,1616.0
2020-11-19 13:14:03,1694.0
2020-11-19 13:14:04,1606.0
2020-11-19 13:14:05,1722.0
2020-11-19 13:14:06,1829.0
2020-11-19 13:14:07,1677.0
2020-11-19 13:14:08,1727.0
2020-11-19 13:14:09,1767.0
2020-11-19 13:14:10,1580.0
2020-11-19 13:14:11,1672.0
2020-11-19 13:14:12,1606.0
2020-11-19 13:14:13,431.43
2020-11-19 13:14:14,2271.73
2020-11-19 13:14:15,3435.0
2020-11-19 13:14:16,3973.0
2020-11-19 13:14:17,4777.0
2020-11-19 13:14:18,2353.0
2020-11-19 13:14:19,3359.0
2020-11-19 13:14:20,4175.0
2020-11-19 13:14:21,2148.0
2020-11-19 13:14:22,2051.0
2020-11-19 13:14:23,2111.0
2020-11-19 13:14:24,2032.0
2020-11-19 13:14:25,2127.0
2020-11-19 13:14:26,2091.0
2020-11-19 13:14:27,2019.0
2020-11-19 13:14:28,2040.0
2020-11-19 13:14:29,2008.0
2020-11-19 13:14:30,1933.0
2020-11-19 13:14:31,2019.0
2020-11-19 13:14:32,2033.0
2020-11-19 13:14:33,2072.0
2020-11-19 13:14:34,1977.0
2020-11-19 13:14:35,2685.69
2020-11-19 13:14:36,2202.8
2020-11-19 13:14:37,2065.0
2020-11-19 13:14:38,2052.0
2020-11-19 13:14:39,2062.0
2020-11-19 13:14:40,2114.0
2020-11-19 13:14:41,2045.0
2020-11-19 13:14:42,2196.0
2020-11-19 13:14:43,2092.0
2020-11-19 13:14:44,2120.0
2020-11-19 13:14:45,2370.0
2020-11-19 13:14:46,2062.0
2020-11-19 13:14:47,1940.0
2020-11-19 13:14:48,2054.0
2020-11-19 13:14:49,2065.0
2020-11-19 13:14:50,2075.0
2020-11-19 13:14:51,2026.0
2020-11-19 13:14:52,2069.0
2020-11-19 13:14:53,1912.0
2020-11-19 13:14:54,2030.0
2020-11-19 13:14:55,2037.0
2020-11-19 13:14:56,1927.0
2020-11-19 13:14:57,1713.0
2020-11-19 13:14:58,2048.0
2020-11-19 13:14:59,2058.0
2020-11-19 13:15:00,2041.0
2020-11-19 13:15:01,1973.0
2020-11-19 13:15:02,2006.0
2020-11-19 13:15:03,2056.0
2020-11-19 13:15:04,2050.0
2020-11-19 13:15:05,2049.0
2020-11-19 13:15:06,1965.0
2020-11-19 13:15:07,2050.0
2020-11-19 13:15:08,2063.0
2020-11-19 13:15:09,2156.0
2020-11-19 13:15:10,2088.0
2020-11-19 13:15:11,1851.0
2020-11-19 13:15:12,1873.0
2020-11-19 13:15:13,2026.0
2020-11-19 13:15:14,2057.0
2020-11-19 13:15:15,2086.0
2020-11-19 13:15:16,2463.46
2020-11-19 13:15:17,2401.6
2020-11-19 13:15:18,2094.0
2020-11-19 13:15:19,2030.0
2020-11-19 13:15:20,2120.0
2020-11-19 13:15:21,2067.0
2020-11-19 13:15:22,2168.0
2020-11-19 13:15:23,2046.0
2020-11-19 13:15:24,2024.0
2020-11-19 13:15:25,1986.0
2020-11-19 13:15:26,2081.0
2020-11-19 13:15:27,2951.0
2020-11-19 13:15:28,2513.51
2020-11-19 13:15:29,3584.0
2020-11-19 13:15:30,4281.0
2020-11-19 13:15:31,3461.0
2020-11-19 13:15:32,5146.85
2020-11-19 13:15:33,4166.17
2020-11-19 13:15:34,2826.17
2020-11-19 13:15:35,2213.0
2020-11-19 13:15:36,2139.0
2020-11-19 13:15:37,2470.47
2020-11-19 13:15:38,2204.8
2020-11-19 13:15:39,1993.0
2020-11-19 13:15:40,1981.0
2020-11-19 13:15:41,2201.0
2020-11-19 13:15:42,2026.0
2020-11-19 13:15:43,2500.0
2020-11-19 13:15:44,2149.0
2020-11-19 13:15:45,2054.0
2020-11-19 13:15:46,1998.0
2020-11-19 13:15:47,5069.0
2020-11-19 13:15:48,2302.0
2020-11-19 13:15:49,2022.0
2020-11-19 13:15:50,2002.0
2020-11-19 13:15:51,2097.0
2020-11-19 13:15:52,1965.0
2020-11-19 13:15:53,2086.0
2020-11-19 13:15:54,2046.0
2020-11-19 13:15:55,2106.0
2020-11-19 13:15:56,2029.0
2020-11-19 13:15:57,2070.0
2020-11-19 13:15:58,2115.0
2020-11-19 13:15:59,2055.0
2020-11-19 13:16:00,2074.0
2020-11-19 13:16:01,1978.0
2020-11-19 13:16:02,1948.0
2020-11-19 13:16:03,1992.0
2020-11-19 13:16:04,2004.0
2020-11-19 13:16:05,2100.0
2020-11-19 13:16:06,3119.0
2020-11-19 13:16:07,2035.96
2020-11-19 13:16:08,1924.92
2020-11-19 13:16:09,2097.0
2020-11-19 13:16:10,2009.0
2020-11-19 13:16:11,2074.0
2020-11-19 13:16:12,2356.0
2020-11-19 13:16:13,2126.87
2020-11-19 13:16:14,2134.13
2020-11-19 13:16:15,2042.0
2020-11-19 13:16:16,2136.0
2020-11-19 13:16:17,2032.0
2020-11-19 13:16:18,2013.0
2020-11-19 13:16:19,2569.0
2020-11-19 13:16:20,2019.0
2020-11-19 13:16:21,2107.0
2020-11-19 13:16:22,2762.76
2020-11-19 13:16:23,2570.43
2020-11-19 13:16:24,2252.0
2020-11-19 13:16:25,2041.0
2020-11-19 13:16:26,2000.0
2020-11-19 13:16:27,2003.0
2020-11-19 13:16:28,2081.0
2020-11-19 13:16:29,1998.0
2020-11-19 13:16:30,1927.0
2020-11-19 13:16:31,1829.0
2020-11-19 13:16:32,2012.0
2020-11-19 13:16:33,2004.0
2020-11-19 13:16:34,2079.0
2020-11-19 13:16:35,2062.0
2020-11-19 13:16:36,2000.0
2020-11-19 13:16:37,2020.0
2020-11-19 13:16:38,2085.0
2020-11-19 13:16:39,2016.0
2020-11-19 13:16:40,2037.0
2020-11-19 13:16:41,2059.0
2020-11-19 13:16:42,2047.0
2020-11-19 13:16:43,2035.0
2020-11-19 13:16:44,1985.0
2020-11-19 13:16:45,2026.0
2020-11-19 13:16:46,1947.0
2020-11-19 13:16:47,2003.0
2020-11-19 13:16:48,2019.0
2020-11-19 13:16:49,2009.0
2020-11-19 13:16:50,2010.0
2020-11-19 13:16:51,1981.0
2020-11-19 13:16:52,2212.21
2020-11-19 13:16:53,2098.9
2020-11-19 13:16:54,2033.0
2020-11-19 13:16:55,2023.0
2020-11-19 13:16:56,2009.0
2020-11-19 13:16:57,1995.0
2020-11-19 13:16:58,1997.0
2020-11-19 13:16:59,2067.0
2020-11-19 13:17:00,2071.0
2020-11-19 13:17:01,1998.0
2020-11-19 13:17:02,2012.0
2020-11-19 13:17:03,2033.0
2020-11-19 13:17:04,1950.0
2020-11-19 13:17:05,2042.0
2020-11-19 13:17:06,1963.0
2020-11-19 13:17:07,1977.0
2020-11-19 13:17:08,1898.0
2020-11-19 13:17:09,2016.0
2020-11-19 13:17:10,1881.0
2020-11-19 13:17:11,2019.0
2020-11-19 13:17:12,1942.0
2020-11-19 13:17:13,2591.0
2020-11-19 13:17:14,215.0
2020-11-19 13:17:15,708.71
2020-11-19 13:17:16,726.27
2020-11-19 13:17:17,1071.07
2020-11-19 13:17:18,1335.0
2020-11-19 13:17:19,1270.73
2020-11-19 13:17:20,1451.0
2020-11-19 13:17:21,1426.0
2020-11-19 13:17:22,1478.0
2020-11-19 13:17:23,3633.63
2020-11-19 13:17:24,3977.02
2020-11-19 13:17:25,2407.0
2020-11-19 13:17:26,1636.64
2020-11-19 13:17:27,3469.53
2020-11-19 13:17:28,1453.0
2020-11-19 13:17:29,1541.0
2020-11-19 13:17:30,1437.0
2020-11-19 13:17:31,1557.0
2020-11-19 13:17:32,1598.0
2020-11-19 13:17:33,1524.0
2020-11-19 13:17:34,1687.0
2020-11-19 13:17:35,1512.0
2020-11-19 13:17:36,1322.0
2020-11-19 13:17:37,1509.0
2020-11-19 13:17:38,1785.0
2020-11-19 13:17:39,1568.0
2020-11-19 13:17:40,1331.0
2020-11-19 13:17:41,1694.0
2020-11-19 13:17:42,1511.0
2020-11-19 13:17:43,1524.0
2020-11-19 13:17:44,1452.0
2020-11-19 13:17:45,1346.0
2020-11-19 13:17:46,1673.75
2020-11-19 13:17:47,1580.33
2020-11-19 13:17:48,606.0
2020-11-19 13:17:49,490.52
2020-11-19 13:17:50,462.0
2020-11-19 13:17:51,805.0
2020-11-19 13:17:52,277.0
2020-11-19 13:17:53,910.28
2020-11-19 13:17:54,255.26
2020-11-19 13:17:55,592.83
2020-11-19 13:17:56,651.41
2020-11-19 13:17:57,1071.0
2020-11-19 13:17:58,858.0
2020-11-19 13:17:59,985.8
2020-11-19 13:18:00,1158.2
2020-11-19 13:18:01,1002.8599999999999
2020-11-19 13:18:02,1107.43
2020-11-19 13:18:03,743.42
2020-11-19 13:18:04,956.81
2020-11-19 13:18:05,1212.0
2020-11-19 13:18:06,1271.0
2020-11-19 13:18:07,1259.0
2020-11-19 13:18:08,923.0
2020-11-19 13:18:09,357.0
2020-11-19 13:18:10,434.54
2020-11-19 13:18:11,751.0
2020-11-19 13:18:12,226.0
2020-11-19 13:18:13,814.89
2020-11-19 13:18:14,931.06
2020-11-19 13:18:15,743.87
2020-11-19 13:18:16,1157.0
2020-11-19 13:18:17,1269.0
2020-11-19 13:18:18,1329.0
2020-11-19 13:18:19,1257.0
2020-11-19 13:18:20,1040.66
2020-11-19 13:18:21,1091.19
2020-11-19 13:18:22,1175.0
2020-11-19 13:18:23,1369.46
2020-11-19 13:18:24,1062.07
2020-11-19 13:18:25,1471.49
2020-11-19 13:18:26,948.02
2020-11-19 13:18:27,641.0
2020-11-19 13:18:28,1356.63
2020-11-19 13:18:29,1204.0
2020-11-19 13:18:30,1237.28
2020-11-19 13:18:31,922.0
2020-11-19 13:18:32,1080.0
2020-11-19 13:18:33,975.0
2020-11-19 13:18:34,1236.0
2020-11-19 13:18:35,1126.0
2020-11-19 13:18:36,1294.0
2020-11-19 13:18:37,348.45000000000005
2020-11-19 13:18:38,1269.37
2020-11-19 13:18:39,931.0
2020-11-19 13:18:40,614.0
2020-11-19 13:18:41,1206.0
2020-11-19 13:18:42,447.0
2020-11-19 13:18:43,803.0
2020-11-19 13:18:44,1259.0
2020-11-19 13:18:45,1136.0
2020-11-19 13:18:46,1037.0
2020-11-19 13:18:47,1228.0
2020-11-19 13:18:48,1189.0
2020-11-19 13:18:49,1059.0
2020-11-19 13:18:50,1227.75
2020-11-19 13:18:51,1164.23
2020-11-19 13:18:52,1089.0
2020-11-19 13:18:53,1204.0
2020-11-19 13:18:54,977.0
2020-11-19 13:18:55,1007.0
2020-11-19 13:18:56,477.0
2020-11-19 13:18:57,287.0
2020-11-19 13:18:58,1065.0
2020-11-19 13:18:59,946.0
2020-11-19 13:19:00,1213.0
2020-11-19 13:19:01,965.0
2020-11-19 13:19:02,1185.0
2020-11-19 13:19:03,951.0
2020-11-19 13:19:04,1070.0
2020-11-19 13:19:05,972.0
2020-11-19 13:19:06,1148.0
2020-11-19 13:19:07,1034.0
2020-11-19 13:19:08,1123.0
2020-11-19 13:19:09,1085.0
2020-11-19 13:19:10,1273.0
2020-11-19 13:19:11,1121.0
2020-11-19 13:19:12,1141.0
2020-11-19 13:19:13,911.7
2020-11-19 13:19:14,1109.65
2020-11-19 13:19:15,1230.0
2020-11-19 13:19:16,856.0
2020-11-19 13:19:17,773.0
2020-11-19 13:19:18,676.0
2020-11-19 13:19:19,1093.0
2020-11-19 13:19:20,1076.0
2020-11-19 13:19:21,1146.0
2020-11-19 13:19:22,1079.76
2020-11-19 13:19:23,1203.35
2020-11-19 13:19:24,506.44000000000005
2020-11-19 13:19:25,657.92
2020-11-19 13:19:26,478.49
2020-11-19 13:19:27,931.0
2020-11-19 13:19:28,1241.44
2020-11-19 13:19:29,1087.0
2020-11-19 13:19:30,1163.0
2020-11-19 13:19:31,797.0
2020-11-19 13:19:32,1129.0
2020-11-19 13:19:33,1236.0
2020-11-19 13:19:34,648.06
2020-11-19 13:19:35,503.53999999999996
2020-11-19 13:19:36,1080.0
2020-11-19 13:19:37,1308.0
2020-11-19 13:19:38,933.0
2020-11-19 13:19:39,702.0
2020-11-19 13:19:40,246.0
2020-11-19 13:19:41,351.0
2020-11-19 13:19:42,208.5
2020-11-19 13:19:43,661.85
2020-11-19 13:19:44,466.0
2020-11-19 13:19:45,953.9000000000001
2020-11-19 13:19:46,819.91
2020-11-19 13:19:47,343.0
2020-11-19 13:19:48,903.0
2020-11-19 13:19:49,1342.0
2020-11-19 13:19:50,841.0
2020-11-19 13:19:51,944.9200000000001
2020-11-19 13:19:52,1054.86
2020-11-19 13:19:53,1153.43
2020-11-19 13:19:54,871.42
2020-11-19 13:19:55,1093.81
2020-11-19 13:19:56,1362.0
2020-11-19 13:19:57,1262.0
2020-11-19 13:19:58,1131.0
2020-11-19 13:19:59,819.0
2020-11-19 13:20:00,368.0
2020-11-19 13:20:01,312.54
2020-11-19 13:20:02,937.0
2020-11-19 13:20:03,296.0
2020-11-19 13:20:04,740.89
2020-11-19 13:20:05,871.06
2020-11-19 13:20:06,618.87
2020-11-19 13:20:07,1087.0
2020-11-19 13:20:08,1184.0
2020-11-19 13:20:09,1260.0
2020-11-19 13:20:10,1275.0
2020-11-19 13:20:11,1052.66
2020-11-19 13:20:12,1041.19
2020-11-19 13:20:13,1218.0
2020-11-19 13:20:14,1505.46
2020-11-19 13:20:15,851.0699999999999
2020-11-19 13:20:16,1282.49
2020-11-19 13:20:17,944.02
2020-11-19 13:20:18,630.0
2020-11-19 13:20:19,1168.63
2020-11-19 13:20:20,1374.0
2020-11-19 13:20:21,1140.28
2020-11-19 13:20:22,962.0
2020-11-19 13:20:23,1156.0
2020-11-19 13:20:24,1200.0
2020-11-19 13:20:25,1313.0
2020-11-19 13:20:26,1200.0
2020-11-19 13:20:27,1059.0
2020-11-19 13:20:28,486.45000000000005
2020-11-19 13:20:29,1279.37
2020-11-19 13:20:30,935.0
2020-11-19 13:20:31,827.0
2020-11-19 13:20:32,1167.0
2020-11-19 13:20:33,529.0
2020-11-19 13:20:34,721.0
2020-11-19 13:20:35,1196.0
2020-11-19 13:20:36,1032.0
2020-11-19 13:20:37,1088.0
2020-11-19 13:20:38,1018.0
2020-11-19 13:20:39,1047.0
2020-11-19 13:20:40,1155.0
2020-11-19 13:20:41,1202.75
2020-11-19 13:20:42,1138.23
2020-11-19 13:20:43,1015.0
2020-11-19 13:20:44,1079.0
2020-11-19 13:20:45,925.0
2020-11-19 13:20:46,991.0
2020-11-19 13:20:47,465.0
2020-11-19 13:20:48,460.0
2020-11-19 13:20:49,1035.0
2020-11-19 13:20:50,936.0
2020-11-19 13:20:51,1034.0
2020-11-19 13:20:52,864.0
2020-11-19 13:20:53,1083.0
2020-11-19 13:20:54,982.0
2020-11-19 13:20:55,988.0
2020-11-19 13:20:56,928.0
2020-11-19 13:20:57,1222.0
2020-11-19 13:20:58,946.0
2020-11-19 13:20:59,947.0
2020-11-19 13:21:00,1226.0
2020-11-19 13:21:01,1250.0
2020-11-19 13:21:02,1201.0
2020-11-19 13:21:03,1239.0
2020-11-19 13:21:04,859.7
2020-11-19 13:21:05,1279.65
2020-11-19 13:21:06,476.0
2020-11-19 13:21:07,284.52
2020-11-19 13:21:08,488.0
2020-11-19 13:21:09,622.0
2020-11-19 13:21:10,509.0
2020-11-19 13:21:11,928.28
2020-11-19 13:21:12,260.26
2020-11-19 13:21:13,520.83
2020-11-19 13:21:14,566.41
2020-11-19 13:21:15,1057.0
2020-11-19 13:21:16,782.0
2020-11-19 13:21:17,907.8
2020-11-19 13:21:18,949.2
2020-11-19 13:21:19,1163.0
2020-11-19 13:21:20,947.0
2020-11-19 13:21:21,843.0
2020-11-19 13:21:22,1027.0
2020-11-19 13:21:23,1097.0
2020-11-19 13:21:24,1155.0
2020-11-19 13:21:25,902.06
2020-11-19 13:21:26,495.53999999999996
2020-11-19 13:21:27,1201.0
2020-11-19 13:21:28,1409.0
2020-11-19 13:21:29,890.0
2020-11-19 13:21:30,864.0
2020-11-19 13:21:31,474.0
2020-11-19 13:21:32,526.0
2020-11-19 13:21:33,313.5
2020-11-19 13:21:34,610.85
2020-11-19 13:21:35,257.0
2020-11-19 13:21:36,827.9000000000001
2020-11-19 13:21:37,663.91
2020-11-19 13:21:38,476.0
2020-11-19 13:21:39,919.0
2020-11-19 13:21:40,1368.0
2020-11-19 13:21:41,930.0
2020-11-19 13:21:42,1079.92
2020-11-19 13:21:43,1139.86
2020-11-19 13:21:44,1215.43
2020-11-19 13:21:45,947.42
2020-11-19 13:21:46,1100.81
2020-11-19 13:21:47,1387.0
2020-11-19 13:21:48,1294.0
2020-11-19 13:21:49,1362.0
2020-11-19 13:21:50,926.0
2020-11-19 13:21:51,568.0
2020-11-19 13:21:52,463.54
2020-11-19 13:21:53,945.0
2020-11-19 13:21:54,478.0
2020-11-19 13:21:55,886.89
2020-11-19 13:21:56,944.06
2020-11-19 13:21:57,865.87
2020-11-19 13:21:58,1375.0
2020-11-19 13:21:59,1327.0
2020-11-19 13:22:00,1331.0
2020-11-19 13:22:01,1320.0
2020-11-19 13:22:02,1337.66
2020-11-19 13:22:03,1193.19
2020-11-19 13:22:04,1279.0
2020-11-19 13:22:05,1539.46
2020-11-19 13:22:06,1067.07
2020-11-19 13:22:07,1514.49
2020-11-19 13:22:08,1017.02
2020-11-19 13:22:09,918.0
2020-11-19 13:22:10,1365.63
2020-11-19 13:22:11,1461.0
2020-11-19 13:22:12,1281.28
2020-11-19 13:22:13,1216.0
2020-11-19 13:22:14,1335.0
2020-11-19 13:22:15,1251.0
2020-11-19 13:22:16,1338.0
2020-11-19 13:22:17,1342.0
2020-11-19 13:22:18,1330.0
2020-11-19 13:22:19,552.45
2020-11-19 13:22:20,1368.37
2020-11-19 13:22:21,979.0
2020-11-19 13:22:22,911.0
2020-11-19 13:22:23,1281.0
2020-11-19 13:22:24,536.0
2020-11-19 13:22:25,825.0
2020-11-19 13:22:26,1287.0
2020-11-19 13:22:27,1275.0
2020-11-19 13:22:28,1322.0
2020-11-19 13:22:29,1305.0
2020-11-19 13:22:30,1327.0
2020-11-19 13:22:31,1354.0
2020-11-19 13:22:32,1245.75
2020-11-19 13:22:33,1227.23
2020-11-19 13:22:34,1296.0
2020-11-19 13:22:35,1326.0
2020-11-19 13:22:36,1060.0
2020-11-19 13:22:37,1266.0
2020-11-19 13:22:38,500.0
2020-11-19 13:22:39,475.0
2020-11-19 13:22:40,1333.0
